tournament,match_no,round_no,stage,knockout,group,venue,host_country,venue_tz,kickoff_utc,home,away,teams_known,home_iso,away_iso,home_score,away_score,played,winner,total_goals,margin,draw,rel_fx,rel_fxfut,rel_etf,rel_index,usa_playing,euro_playing,gbp_playing,jpy_playing,host_team_playing,win_pre60_start,win_ko,win_ht,win_2h,win_ft_nominal,win_post60_end,windows_nominal
2018,1,1,group,False,Group A,"Luzhniki Stadium, Moscow",Russia,Europe/Moscow,2018-06-14 15:00:00+00:00,Russia,Saudi Arabia,True,,SAU,5.0,0.0,True,Russia,5.0,5.0,False,,,KSA,SASEIDX,False,False,False,False,True,2018-06-14 14:00:00+00:00,2018-06-14 15:00:00+00:00,2018-06-14 15:45:00+00:00,2018-06-14 16:00:00+00:00,2018-06-14 16:45:00+00:00,2018-06-14 17:45:00+00:00,True
2018,2,1,group,False,Group A,Ekaterinburg Stadium,Russia,Asia/Yekaterinburg,2018-06-15 12:00:00+00:00,Egypt,Uruguay,True,EGY,,0.0,1.0,True,Uruguay,1.0,1.0,False,,,EGPT,,False,False,False,False,False,2018-06-15 11:00:00+00:00,2018-06-15 12:00:00+00:00,2018-06-15 12:45:00+00:00,2018-06-15 13:00:00+00:00,2018-06-15 13:45:00+00:00,2018-06-15 14:45:00+00:00,True
2018,3,1,group,False,Group B,Saint Petersburg Stadium,Russia,Europe/Moscow,2018-06-15 15:00:00+00:00,Morocco,Iran,True,,,0.0,1.0,True,Iran,1.0,1.0,False,,,,,False,False,False,False,False,2018-06-15 14:00:00+00:00,2018-06-15 15:00:00+00:00,2018-06-15 15:45:00+00:00,2018-06-15 16:00:00+00:00,2018-06-15 16:45:00+00:00,2018-06-15 17:45:00+00:00,True
2018,4,1,group,False,Group B,"Fisht Stadium, Sochi",Russia,Europe/Moscow,2018-06-15 18:00:00+00:00,Portugal,Spain,True,PRT,ESP,3.0,3.0,True,Draw,6.0,0.0,True,EURUSD,6E,EWP,"IBEX,PSI",False,True,False,False,False,2018-06-15 17:00:00+00:00,2018-06-15 18:00:00+00:00,2018-06-15 18:45:00+00:00,2018-06-15 19:00:00+00:00,2018-06-15 19:45:00+00:00,2018-06-15 20:45:00+00:00,True
2018,5,1,group,False,Group C,Kazan Arena,Russia,Europe/Moscow,2018-06-16 10:00:00+00:00,France,Australia,True,FRA,AUS,2.0,1.0,True,France,3.0,1.0,False,"AUDUSD,EURUSD","6A,6E","EWA,EWQ","AS51,CAC",False,True,False,False,False,2018-06-16 09:00:00+00:00,2018-06-16 10:00:00+00:00,2018-06-16 10:45:00+00:00,2018-06-16 11:00:00+00:00,2018-06-16 11:45:00+00:00,2018-06-16 12:45:00+00:00,True
2018,6,1,group,False,Group D,"Otkrytiye Arena, Moscow",Russia,Europe/Moscow,2018-06-16 13:00:00+00:00,Argentina,Iceland,True,ARG,,1.0,1.0,True,Draw,2.0,0.0,True,,,ARGT,,False,False,False,False,False,2018-06-16 12:00:00+00:00,2018-06-16 13:00:00+00:00,2018-06-16 13:45:00+00:00,2018-06-16 14:00:00+00:00,2018-06-16 14:45:00+00:00,2018-06-16 15:45:00+00:00,True
2018,7,1,group,False,Group C,Saransk Stadium,Russia,Europe/Moscow,2018-06-16 16:00:00+00:00,Peru,Denmark,True,,,0.0,1.0,True,Denmark,1.0,1.0,False,,,,,False,False,False,False,False,2018-06-16 15:00:00+00:00,2018-06-16 16:00:00+00:00,2018-06-16 16:45:00+00:00,2018-06-16 17:00:00+00:00,2018-06-16 17:45:00+00:00,2018-06-16 18:45:00+00:00,True
2018,8,1,group,False,Group D,Kaliningrad Stadium,Russia,Europe/Kaliningrad,2018-06-16 19:00:00+00:00,Croatia,Nigeria,True,HRV,,2.0,0.0,True,Croatia,2.0,2.0,False,EURUSD,6E,,,False,False,False,False,False,2018-06-16 18:00:00+00:00,2018-06-16 19:00:00+00:00,2018-06-16 19:45:00+00:00,2018-06-16 20:00:00+00:00,2018-06-16 20:45:00+00:00,2018-06-16 21:45:00+00:00,True
2018,9,1,group,False,Group E,Samara Stadium,Russia,Europe/Moscow,2018-06-17 12:00:00+00:00,Costa Rica,Serbia,True,,,0.0,1.0,True,Serbia,1.0,1.0,False,,,,,False,False,False,False,False,2018-06-17 11:00:00+00:00,2018-06-17 12:00:00+00:00,2018-06-17 12:45:00+00:00,2018-06-17 13:00:00+00:00,2018-06-17 13:45:00+00:00,2018-06-17 14:45:00+00:00,True
2018,10,1,group,False,Group F,"Luzhniki Stadium, Moscow",Russia,Europe/Moscow,2018-06-17 15:00:00+00:00,Germany,Mexico,True,DEU,MEX,0.0,1.0,True,Mexico,1.0,1.0,False,"EURUSD,USDMXN","6E,6M","EWG,EWW","DAX,IPC",False,True,False,False,False,2018-06-17 14:00:00+00:00,2018-06-17 15:00:00+00:00,2018-06-17 15:45:00+00:00,2018-06-17 16:00:00+00:00,2018-06-17 16:45:00+00:00,2018-06-17 17:45:00+00:00,True
2018,11,1,group,False,Group E,Rostov-on-Don Stadium,Russia,Europe/Moscow,2018-06-17 18:00:00+00:00,Brazil,Switzerland,True,BRA,CHE,1.0,1.0,True,Draw,2.0,0.0,True,"USDBRL,USDCHF","6L,6S","EWL,EWZ","IBOV,SMI",False,False,False,False,False,2018-06-17 17:00:00+00:00,2018-06-17 18:00:00+00:00,2018-06-17 18:45:00+00:00,2018-06-17 19:00:00+00:00,2018-06-17 19:45:00+00:00,2018-06-17 20:45:00+00:00,True
2018,12,1,group,False,Group F,Nizhny Novgorod Stadium,Russia,Europe/Moscow,2018-06-18 12:00:00+00:00,Sweden,Korea Republic,True,SWE,KOR,1.0,0.0,True,Sweden,1.0,1.0,False,,,"EWD,EWY","KOSPI,OMX",False,False,False,False,False,2018-06-18 11:00:00+00:00,2018-06-18 12:00:00+00:00,2018-06-18 12:45:00+00:00,2018-06-18 13:00:00+00:00,2018-06-18 13:45:00+00:00,2018-06-18 14:45:00+00:00,True
2018,13,1,group,False,Group G,"Fisht Stadium, Sochi",Russia,Europe/Moscow,2018-06-18 15:00:00+00:00,Belgium,Panama,True,BEL,,3.0,0.0,True,Belgium,3.0,3.0,False,EURUSD,6E,,BEL20,False,True,False,False,False,2018-06-18 14:00:00+00:00,2018-06-18 15:00:00+00:00,2018-06-18 15:45:00+00:00,2018-06-18 16:00:00+00:00,2018-06-18 16:45:00+00:00,2018-06-18 17:45:00+00:00,True
2018,14,1,group,False,Group G,Volgograd Stadium,Russia,Europe/Moscow,2018-06-18 18:00:00+00:00,Tunisia,England,True,,GBR,1.0,2.0,True,England,3.0,1.0,False,GBPUSD,6B,EWU,UKX,False,False,True,False,False,2018-06-18 17:00:00+00:00,2018-06-18 18:00:00+00:00,2018-06-18 18:45:00+00:00,2018-06-18 19:00:00+00:00,2018-06-18 19:45:00+00:00,2018-06-18 20:45:00+00:00,True
2018,15,1,group,False,Group H,Saransk Stadium,Russia,Europe/Moscow,2018-06-19 12:00:00+00:00,Colombia,Japan,True,COL,JPN,1.0,2.0,True,Japan,3.0,1.0,False,USDJPY,6J,"EWJ,GXG",NKY,False,False,False,True,False,2018-06-19 11:00:00+00:00,2018-06-19 12:00:00+00:00,2018-06-19 12:45:00+00:00,2018-06-19 13:00:00+00:00,2018-06-19 13:45:00+00:00,2018-06-19 14:45:00+00:00,True
2018,16,1,group,False,Group H,"Otkrytiye Arena, Moscow",Russia,Europe/Moscow,2018-06-19 15:00:00+00:00,Poland,Senegal,True,,,1.0,2.0,True,Senegal,3.0,1.0,False,,,,,False,False,False,False,False,2018-06-19 14:00:00+00:00,2018-06-19 15:00:00+00:00,2018-06-19 15:45:00+00:00,2018-06-19 16:00:00+00:00,2018-06-19 16:45:00+00:00,2018-06-19 17:45:00+00:00,True
2018,17,2,group,False,Group A,Saint Petersburg Stadium,Russia,Europe/Moscow,2018-06-19 18:00:00+00:00,Russia,Egypt,True,,EGY,3.0,1.0,True,Russia,4.0,2.0,False,,,EGPT,,False,False,False,False,True,2018-06-19 17:00:00+00:00,2018-06-19 18:00:00+00:00,2018-06-19 18:45:00+00:00,2018-06-19 19:00:00+00:00,2018-06-19 19:45:00+00:00,2018-06-19 20:45:00+00:00,True
2018,18,2,group,False,Group B,"Luzhniki Stadium, Moscow",Russia,Europe/Moscow,2018-06-20 12:00:00+00:00,Portugal,Morocco,True,PRT,,1.0,0.0,True,Portugal,1.0,1.0,False,EURUSD,6E,,PSI,False,True,False,False,False,2018-06-20 11:00:00+00:00,2018-06-20 12:00:00+00:00,2018-06-20 12:45:00+00:00,2018-06-20 13:00:00+00:00,2018-06-20 13:45:00+00:00,2018-06-20 14:45:00+00:00,True
2018,19,2,group,False,Group A,Rostov-on-Don Stadium,Russia,Europe/Moscow,2018-06-20 15:00:00+00:00,Uruguay,Saudi Arabia,True,,SAU,1.0,0.0,True,Uruguay,1.0,1.0,False,,,KSA,SASEIDX,False,False,False,False,False,2018-06-20 14:00:00+00:00,2018-06-20 15:00:00+00:00,2018-06-20 15:45:00+00:00,2018-06-20 16:00:00+00:00,2018-06-20 16:45:00+00:00,2018-06-20 17:45:00+00:00,True
2018,20,2,group,False,Group B,Kazan Arena,Russia,Europe/Moscow,2018-06-20 18:00:00+00:00,Iran,Spain,True,,ESP,0.0,1.0,True,Spain,1.0,1.0,False,EURUSD,6E,EWP,IBEX,False,True,False,False,False,2018-06-20 17:00:00+00:00,2018-06-20 18:00:00+00:00,2018-06-20 18:45:00+00:00,2018-06-20 19:00:00+00:00,2018-06-20 19:45:00+00:00,2018-06-20 20:45:00+00:00,True
2018,21,2,group,False,Group C,Samara Stadium,Russia,Europe/Moscow,2018-06-21 12:00:00+00:00,Denmark,Australia,True,,AUS,1.0,1.0,True,Draw,2.0,0.0,True,AUDUSD,6A,EWA,AS51,False,False,False,False,False,2018-06-21 11:00:00+00:00,2018-06-21 12:00:00+00:00,2018-06-21 12:45:00+00:00,2018-06-21 13:00:00+00:00,2018-06-21 13:45:00+00:00,2018-06-21 14:45:00+00:00,True
2018,22,2,group,False,Group C,Ekaterinburg Stadium,Russia,Asia/Yekaterinburg,2018-06-21 15:00:00+00:00,France,Peru,True,FRA,,1.0,0.0,True,France,1.0,1.0,False,EURUSD,6E,EWQ,CAC,False,True,False,False,False,2018-06-21 14:00:00+00:00,2018-06-21 15:00:00+00:00,2018-06-21 15:45:00+00:00,2018-06-21 16:00:00+00:00,2018-06-21 16:45:00+00:00,2018-06-21 17:45:00+00:00,True
2018,23,2,group,False,Group D,Nizhny Novgorod Stadium,Russia,Europe/Moscow,2018-06-21 18:00:00+00:00,Argentina,Croatia,True,ARG,HRV,0.0,3.0,True,Croatia,3.0,3.0,False,EURUSD,6E,ARGT,,False,False,False,False,False,2018-06-21 17:00:00+00:00,2018-06-21 18:00:00+00:00,2018-06-21 18:45:00+00:00,2018-06-21 19:00:00+00:00,2018-06-21 19:45:00+00:00,2018-06-21 20:45:00+00:00,True
2018,24,2,group,False,Group E,Saint Petersburg Stadium,Russia,Europe/Moscow,2018-06-22 12:00:00+00:00,Brazil,Costa Rica,True,BRA,,2.0,0.0,True,Brazil,2.0,2.0,False,USDBRL,6L,EWZ,IBOV,False,False,False,False,False,2018-06-22 11:00:00+00:00,2018-06-22 12:00:00+00:00,2018-06-22 12:45:00+00:00,2018-06-22 13:00:00+00:00,2018-06-22 13:45:00+00:00,2018-06-22 14:45:00+00:00,True
2018,25,2,group,False,Group D,Volgograd Stadium,Russia,Europe/Moscow,2018-06-22 15:00:00+00:00,Nigeria,Iceland,True,,,2.0,0.0,True,Nigeria,2.0,2.0,False,,,,,False,False,False,False,False,2018-06-22 14:00:00+00:00,2018-06-22 15:00:00+00:00,2018-06-22 15:45:00+00:00,2018-06-22 16:00:00+00:00,2018-06-22 16:45:00+00:00,2018-06-22 17:45:00+00:00,True
2018,26,2,group,False,Group E,Kaliningrad Stadium,Russia,Europe/Kaliningrad,2018-06-22 18:00:00+00:00,Serbia,Switzerland,True,,CHE,1.0,2.0,True,Switzerland,3.0,1.0,False,USDCHF,6S,EWL,SMI,False,False,False,False,False,2018-06-22 17:00:00+00:00,2018-06-22 18:00:00+00:00,2018-06-22 18:45:00+00:00,2018-06-22 19:00:00+00:00,2018-06-22 19:45:00+00:00,2018-06-22 20:45:00+00:00,True
2018,27,2,group,False,Group G,"Otkrytiye Arena, Moscow",Russia,Europe/Moscow,2018-06-23 12:00:00+00:00,Belgium,Tunisia,True,BEL,,5.0,2.0,True,Belgium,7.0,3.0,False,EURUSD,6E,,BEL20,False,True,False,False,False,2018-06-23 11:00:00+00:00,2018-06-23 12:00:00+00:00,2018-06-23 12:45:00+00:00,2018-06-23 13:00:00+00:00,2018-06-23 13:45:00+00:00,2018-06-23 14:45:00+00:00,True
2018,28,2,group,False,Group F,Rostov-on-Don Stadium,Russia,Europe/Moscow,2018-06-23 15:00:00+00:00,Korea Republic,Mexico,True,KOR,MEX,1.0,2.0,True,Mexico,3.0,1.0,False,USDMXN,6M,"EWW,EWY","IPC,KOSPI",False,False,False,False,False,2018-06-23 14:00:00+00:00,2018-06-23 15:00:00+00:00,2018-06-23 15:45:00+00:00,2018-06-23 16:00:00+00:00,2018-06-23 16:45:00+00:00,2018-06-23 17:45:00+00:00,True
2018,29,2,group,False,Group F,"Fisht Stadium, Sochi",Russia,Europe/Moscow,2018-06-23 18:00:00+00:00,Germany,Sweden,True,DEU,SWE,2.0,1.0,True,Germany,3.0,1.0,False,EURUSD,6E,"EWD,EWG","DAX,OMX",False,True,False,False,False,2018-06-23 17:00:00+00:00,2018-06-23 18:00:00+00:00,2018-06-23 18:45:00+00:00,2018-06-23 19:00:00+00:00,2018-06-23 19:45:00+00:00,2018-06-23 20:45:00+00:00,True
2018,30,2,group,False,Group G,Nizhny Novgorod Stadium,Russia,Europe/Moscow,2018-06-24 12:00:00+00:00,England,Panama,True,GBR,,6.0,1.0,True,England,7.0,5.0,False,GBPUSD,6B,EWU,UKX,False,False,True,False,False,2018-06-24 11:00:00+00:00,2018-06-24 12:00:00+00:00,2018-06-24 12:45:00+00:00,2018-06-24 13:00:00+00:00,2018-06-24 13:45:00+00:00,2018-06-24 14:45:00+00:00,True
2018,31,2,group,False,Group H,Ekaterinburg Stadium,Russia,Asia/Yekaterinburg,2018-06-24 15:00:00+00:00,Japan,Senegal,True,JPN,,2.0,2.0,True,Draw,4.0,0.0,True,USDJPY,6J,EWJ,NKY,False,False,False,True,False,2018-06-24 14:00:00+00:00,2018-06-24 15:00:00+00:00,2018-06-24 15:45:00+00:00,2018-06-24 16:00:00+00:00,2018-06-24 16:45:00+00:00,2018-06-24 17:45:00+00:00,True
2018,32,2,group,False,Group H,Kazan Arena,Russia,Europe/Moscow,2018-06-24 18:00:00+00:00,Poland,Colombia,True,,COL,0.0,3.0,True,Colombia,3.0,3.0,False,,,GXG,,False,False,False,False,False,2018-06-24 17:00:00+00:00,2018-06-24 18:00:00+00:00,2018-06-24 18:45:00+00:00,2018-06-24 19:00:00+00:00,2018-06-24 19:45:00+00:00,2018-06-24 20:45:00+00:00,True
2018,33,3,group,False,Group A,Samara Stadium,Russia,Europe/Moscow,2018-06-25 14:00:00+00:00,Uruguay,Russia,True,,,3.0,0.0,True,Uruguay,3.0,3.0,False,,,,,False,False,False,False,True,2018-06-25 13:00:00+00:00,2018-06-25 14:00:00+00:00,2018-06-25 14:45:00+00:00,2018-06-25 15:00:00+00:00,2018-06-25 15:45:00+00:00,2018-06-25 16:45:00+00:00,True
2018,34,3,group,False,Group A,Volgograd Stadium,Russia,Europe/Moscow,2018-06-25 14:00:00+00:00,Saudi Arabia,Egypt,True,SAU,EGY,2.0,1.0,True,Saudi Arabia,3.0,1.0,False,,,"EGPT,KSA",SASEIDX,False,False,False,False,False,2018-06-25 13:00:00+00:00,2018-06-25 14:00:00+00:00,2018-06-25 14:45:00+00:00,2018-06-25 15:00:00+00:00,2018-06-25 15:45:00+00:00,2018-06-25 16:45:00+00:00,True
2018,35,3,group,False,Group B,Saransk Stadium,Russia,Europe/Moscow,2018-06-25 18:00:00+00:00,Iran,Portugal,True,,PRT,1.0,1.0,True,Draw,2.0,0.0,True,EURUSD,6E,,PSI,False,True,False,False,False,2018-06-25 17:00:00+00:00,2018-06-25 18:00:00+00:00,2018-06-25 18:45:00+00:00,2018-06-25 19:00:00+00:00,2018-06-25 19:45:00+00:00,2018-06-25 20:45:00+00:00,True
2018,36,3,group,False,Group B,Kaliningrad Stadium,Russia,Europe/Kaliningrad,2018-06-25 18:00:00+00:00,Spain,Morocco,True,ESP,,2.0,2.0,True,Draw,4.0,0.0,True,EURUSD,6E,EWP,IBEX,False,True,False,False,False,2018-06-25 17:00:00+00:00,2018-06-25 18:00:00+00:00,2018-06-25 18:45:00+00:00,2018-06-25 19:00:00+00:00,2018-06-25 19:45:00+00:00,2018-06-25 20:45:00+00:00,True
2018,37,3,group,False,Group C,"Luzhniki Stadium, Moscow",Russia,Europe/Moscow,2018-06-26 14:00:00+00:00,Denmark,France,True,,FRA,0.0,0.0,True,Draw,0.0,0.0,True,EURUSD,6E,EWQ,CAC,False,True,False,False,False,2018-06-26 13:00:00+00:00,2018-06-26 14:00:00+00:00,2018-06-26 14:45:00+00:00,2018-06-26 15:00:00+00:00,2018-06-26 15:45:00+00:00,2018-06-26 16:45:00+00:00,True
2018,38,3,group,False,Group C,"Fisht Stadium, Sochi",Russia,Europe/Moscow,2018-06-26 14:00:00+00:00,Australia,Peru,True,AUS,,0.0,2.0,True,Peru,2.0,2.0,False,AUDUSD,6A,EWA,AS51,False,False,False,False,False,2018-06-26 13:00:00+00:00,2018-06-26 14:00:00+00:00,2018-06-26 14:45:00+00:00,2018-06-26 15:00:00+00:00,2018-06-26 15:45:00+00:00,2018-06-26 16:45:00+00:00,True
2018,39,3,group,False,Group D,Saint Petersburg Stadium,Russia,Europe/Moscow,2018-06-26 18:00:00+00:00,Nigeria,Argentina,True,,ARG,1.0,2.0,True,Argentina,3.0,1.0,False,,,ARGT,,False,False,False,False,False,2018-06-26 17:00:00+00:00,2018-06-26 18:00:00+00:00,2018-06-26 18:45:00+00:00,2018-06-26 19:00:00+00:00,2018-06-26 19:45:00+00:00,2018-06-26 20:45:00+00:00,True
2018,40,3,group,False,Group D,Rostov-on-Don Stadium,Russia,Europe/Moscow,2018-06-26 18:00:00+00:00,Iceland,Croatia,True,,HRV,1.0,2.0,True,Croatia,3.0,1.0,False,EURUSD,6E,,,False,False,False,False,False,2018-06-26 17:00:00+00:00,2018-06-26 18:00:00+00:00,2018-06-26 18:45:00+00:00,2018-06-26 19:00:00+00:00,2018-06-26 19:45:00+00:00,2018-06-26 20:45:00+00:00,True
2018,41,3,group,False,Group F,Ekaterinburg Stadium,Russia,Asia/Yekaterinburg,2018-06-27 14:00:00+00:00,Mexico,Sweden,True,MEX,SWE,0.0,3.0,True,Sweden,3.0,3.0,False,USDMXN,6M,"EWD,EWW","IPC,OMX",False,False,False,False,False,2018-06-27 13:00:00+00:00,2018-06-27 14:00:00+00:00,2018-06-27 14:45:00+00:00,2018-06-27 15:00:00+00:00,2018-06-27 15:45:00+00:00,2018-06-27 16:45:00+00:00,True
2018,42,3,group,False,Group F,Kazan Arena,Russia,Europe/Moscow,2018-06-27 14:00:00+00:00,Korea Republic,Germany,True,KOR,DEU,2.0,0.0,True,Korea Republic,2.0,2.0,False,EURUSD,6E,"EWG,EWY","DAX,KOSPI",False,True,False,False,False,2018-06-27 13:00:00+00:00,2018-06-27 14:00:00+00:00,2018-06-27 14:45:00+00:00,2018-06-27 15:00:00+00:00,2018-06-27 15:45:00+00:00,2018-06-27 16:45:00+00:00,True
2018,43,3,group,False,Group E,"Otkrytiye Arena, Moscow",Russia,Europe/Moscow,2018-06-27 18:00:00+00:00,Serbia,Brazil,True,,BRA,0.0,2.0,True,Brazil,2.0,2.0,False,USDBRL,6L,EWZ,IBOV,False,False,False,False,False,2018-06-27 17:00:00+00:00,2018-06-27 18:00:00+00:00,2018-06-27 18:45:00+00:00,2018-06-27 19:00:00+00:00,2018-06-27 19:45:00+00:00,2018-06-27 20:45:00+00:00,True
2018,44,3,group,False,Group E,Nizhny Novgorod Stadium,Russia,Europe/Moscow,2018-06-27 18:00:00+00:00,Switzerland,Costa Rica,True,CHE,,2.0,2.0,True,Draw,4.0,0.0,True,USDCHF,6S,EWL,SMI,False,False,False,False,False,2018-06-27 17:00:00+00:00,2018-06-27 18:00:00+00:00,2018-06-27 18:45:00+00:00,2018-06-27 19:00:00+00:00,2018-06-27 19:45:00+00:00,2018-06-27 20:45:00+00:00,True
2018,45,3,group,False,Group H,Volgograd Stadium,Russia,Europe/Moscow,2018-06-28 14:00:00+00:00,Japan,Poland,True,JPN,,0.0,1.0,True,Poland,1.0,1.0,False,USDJPY,6J,EWJ,NKY,False,False,False,True,False,2018-06-28 13:00:00+00:00,2018-06-28 14:00:00+00:00,2018-06-28 14:45:00+00:00,2018-06-28 15:00:00+00:00,2018-06-28 15:45:00+00:00,2018-06-28 16:45:00+00:00,True
2018,46,3,group,False,Group H,Samara Stadium,Russia,Europe/Moscow,2018-06-28 14:00:00+00:00,Senegal,Colombia,True,,COL,0.0,1.0,True,Colombia,1.0,1.0,False,,,GXG,,False,False,False,False,False,2018-06-28 13:00:00+00:00,2018-06-28 14:00:00+00:00,2018-06-28 14:45:00+00:00,2018-06-28 15:00:00+00:00,2018-06-28 15:45:00+00:00,2018-06-28 16:45:00+00:00,True
2018,47,3,group,False,Group G,Saransk Stadium,Russia,Europe/Moscow,2018-06-28 18:00:00+00:00,Panama,Tunisia,True,,,1.0,2.0,True,Tunisia,3.0,1.0,False,,,,,False,False,False,False,False,2018-06-28 17:00:00+00:00,2018-06-28 18:00:00+00:00,2018-06-28 18:45:00+00:00,2018-06-28 19:00:00+00:00,2018-06-28 19:45:00+00:00,2018-06-28 20:45:00+00:00,True
2018,48,3,group,False,Group G,Kaliningrad Stadium,Russia,Europe/Kaliningrad,2018-06-28 18:00:00+00:00,England,Belgium,True,GBR,BEL,0.0,1.0,True,Belgium,1.0,1.0,False,"EURUSD,GBPUSD","6B,6E",EWU,"BEL20,UKX",False,True,True,False,False,2018-06-28 17:00:00+00:00,2018-06-28 18:00:00+00:00,2018-06-28 18:45:00+00:00,2018-06-28 19:00:00+00:00,2018-06-28 19:45:00+00:00,2018-06-28 20:45:00+00:00,True
2018,50,4,R16,True,,Kazan Arena,Russia,Europe/Moscow,2018-06-30 14:00:00+00:00,France,Argentina,True,FRA,ARG,4.0,3.0,True,France,7.0,1.0,False,EURUSD,6E,"ARGT,EWQ",CAC,False,True,False,False,False,2018-06-30 13:00:00+00:00,2018-06-30 14:00:00+00:00,2018-06-30 14:45:00+00:00,2018-06-30 15:00:00+00:00,2018-06-30 15:45:00+00:00,2018-06-30 16:45:00+00:00,True
2018,49,4,R16,True,,"Fisht Stadium, Sochi",Russia,Europe/Moscow,2018-06-30 18:00:00+00:00,Uruguay,Portugal,True,,PRT,2.0,1.0,True,Uruguay,3.0,1.0,False,EURUSD,6E,,PSI,False,True,False,False,False,2018-06-30 17:00:00+00:00,2018-06-30 18:00:00+00:00,2018-06-30 18:45:00+00:00,2018-06-30 19:00:00+00:00,2018-06-30 19:45:00+00:00,2018-06-30 20:45:00+00:00,True
2018,51,4,R16,True,,"Luzhniki Stadium, Moscow",Russia,Europe/Moscow,2018-07-01 14:00:00+00:00,Spain,Russia,True,ESP,,1.0,1.0,True,Russia,2.0,0.0,True,EURUSD,6E,EWP,IBEX,False,True,False,False,True,2018-07-01 13:00:00+00:00,2018-07-01 14:00:00+00:00,2018-07-01 14:45:00+00:00,2018-07-01 15:00:00+00:00,2018-07-01 15:45:00+00:00,2018-07-01 16:45:00+00:00,True
2018,52,4,R16,True,,Nizhny Novgorod Stadium,Russia,Europe/Moscow,2018-07-01 18:00:00+00:00,Croatia,Denmark,True,HRV,,1.0,1.0,True,Croatia,2.0,0.0,True,EURUSD,6E,,,False,False,False,False,False,2018-07-01 17:00:00+00:00,2018-07-01 18:00:00+00:00,2018-07-01 18:45:00+00:00,2018-07-01 19:00:00+00:00,2018-07-01 19:45:00+00:00,2018-07-01 20:45:00+00:00,True
2018,53,4,R16,True,,Samara Stadium,Russia,Europe/Moscow,2018-07-02 14:00:00+00:00,Brazil,Mexico,True,BRA,MEX,2.0,0.0,True,Brazil,2.0,2.0,False,"USDBRL,USDMXN","6L,6M","EWW,EWZ","IBOV,IPC",False,False,False,False,False,2018-07-02 13:00:00+00:00,2018-07-02 14:00:00+00:00,2018-07-02 14:45:00+00:00,2018-07-02 15:00:00+00:00,2018-07-02 15:45:00+00:00,2018-07-02 16:45:00+00:00,True
2018,54,4,R16,True,,Rostov-on-Don Stadium,Russia,Europe/Moscow,2018-07-02 18:00:00+00:00,Belgium,Japan,True,BEL,JPN,3.0,2.0,True,Belgium,5.0,1.0,False,"EURUSD,USDJPY","6E,6J",EWJ,"BEL20,NKY",False,True,False,True,False,2018-07-02 17:00:00+00:00,2018-07-02 18:00:00+00:00,2018-07-02 18:45:00+00:00,2018-07-02 19:00:00+00:00,2018-07-02 19:45:00+00:00,2018-07-02 20:45:00+00:00,True
2018,55,4,R16,True,,Saint Petersburg Stadium,Russia,Europe/Moscow,2018-07-03 14:00:00+00:00,Sweden,Switzerland,True,SWE,CHE,1.0,0.0,True,Sweden,1.0,1.0,False,USDCHF,6S,"EWD,EWL","OMX,SMI",False,False,False,False,False,2018-07-03 13:00:00+00:00,2018-07-03 14:00:00+00:00,2018-07-03 14:45:00+00:00,2018-07-03 15:00:00+00:00,2018-07-03 15:45:00+00:00,2018-07-03 16:45:00+00:00,True
2018,56,4,R16,True,,"Otkrytiye Arena, Moscow",Russia,Europe/Moscow,2018-07-03 18:00:00+00:00,Colombia,England,True,COL,GBR,1.0,1.0,True,England,2.0,0.0,True,GBPUSD,6B,"EWU,GXG",UKX,False,False,True,False,False,2018-07-03 17:00:00+00:00,2018-07-03 18:00:00+00:00,2018-07-03 18:45:00+00:00,2018-07-03 19:00:00+00:00,2018-07-03 19:45:00+00:00,2018-07-03 20:45:00+00:00,True
2018,57,5,QF,True,,Nizhny Novgorod Stadium,Russia,Europe/Moscow,2018-07-06 14:00:00+00:00,Uruguay,France,True,,FRA,0.0,2.0,True,France,2.0,2.0,False,EURUSD,6E,EWQ,CAC,False,True,False,False,False,2018-07-06 13:00:00+00:00,2018-07-06 14:00:00+00:00,2018-07-06 14:45:00+00:00,2018-07-06 15:00:00+00:00,2018-07-06 15:45:00+00:00,2018-07-06 16:45:00+00:00,True
2018,58,5,QF,True,,Kazan Arena,Russia,Europe/Moscow,2018-07-06 18:00:00+00:00,Brazil,Belgium,True,BRA,BEL,1.0,2.0,True,Belgium,3.0,1.0,False,"EURUSD,USDBRL","6E,6L",EWZ,"BEL20,IBOV",False,True,False,False,False,2018-07-06 17:00:00+00:00,2018-07-06 18:00:00+00:00,2018-07-06 18:45:00+00:00,2018-07-06 19:00:00+00:00,2018-07-06 19:45:00+00:00,2018-07-06 20:45:00+00:00,True
2018,59,5,QF,True,,Samara Stadium,Russia,Europe/Moscow,2018-07-07 14:00:00+00:00,Sweden,England,True,SWE,GBR,0.0,2.0,True,England,2.0,2.0,False,GBPUSD,6B,"EWD,EWU","OMX,UKX",False,False,True,False,False,2018-07-07 13:00:00+00:00,2018-07-07 14:00:00+00:00,2018-07-07 14:45:00+00:00,2018-07-07 15:00:00+00:00,2018-07-07 15:45:00+00:00,2018-07-07 16:45:00+00:00,True
2018,60,5,QF,True,,"Fisht Stadium, Sochi",Russia,Europe/Moscow,2018-07-07 18:00:00+00:00,Russia,Croatia,True,,HRV,2.0,2.0,True,Croatia,4.0,0.0,True,EURUSD,6E,,,False,False,False,False,True,2018-07-07 17:00:00+00:00,2018-07-07 18:00:00+00:00,2018-07-07 18:45:00+00:00,2018-07-07 19:00:00+00:00,2018-07-07 19:45:00+00:00,2018-07-07 20:45:00+00:00,True
2018,61,6,SF,True,,Saint Petersburg Stadium,Russia,Europe/Moscow,2018-07-10 18:00:00+00:00,France,Belgium,True,FRA,BEL,1.0,0.0,True,France,1.0,1.0,False,EURUSD,6E,EWQ,"BEL20,CAC",False,True,False,False,False,2018-07-10 17:00:00+00:00,2018-07-10 18:00:00+00:00,2018-07-10 18:45:00+00:00,2018-07-10 19:00:00+00:00,2018-07-10 19:45:00+00:00,2018-07-10 20:45:00+00:00,True
2018,62,6,SF,True,,"Luzhniki Stadium, Moscow",Russia,Europe/Moscow,2018-07-11 18:00:00+00:00,England,Croatia,True,GBR,HRV,1.0,2.0,True,Croatia,3.0,1.0,False,"EURUSD,GBPUSD","6B,6E",EWU,UKX,False,False,True,False,False,2018-07-11 17:00:00+00:00,2018-07-11 18:00:00+00:00,2018-07-11 18:45:00+00:00,2018-07-11 19:00:00+00:00,2018-07-11 19:45:00+00:00,2018-07-11 20:45:00+00:00,True
2018,63,7,final_3rd,True,,Saint Petersburg Stadium,Russia,Europe/Moscow,2018-07-14 14:00:00+00:00,Belgium,England,True,BEL,GBR,2.0,0.0,True,Belgium,2.0,2.0,False,"EURUSD,GBPUSD","6B,6E",EWU,"BEL20,UKX",False,True,True,False,False,2018-07-14 13:00:00+00:00,2018-07-14 14:00:00+00:00,2018-07-14 14:45:00+00:00,2018-07-14 15:00:00+00:00,2018-07-14 15:45:00+00:00,2018-07-14 16:45:00+00:00,True
2018,64,7,final_3rd,True,,"Luzhniki Stadium, Moscow",Russia,Europe/Moscow,2018-07-15 15:00:00+00:00,France,Croatia,True,FRA,HRV,4.0,2.0,True,France,6.0,2.0,False,EURUSD,6E,EWQ,CAC,False,True,False,False,False,2018-07-15 14:00:00+00:00,2018-07-15 15:00:00+00:00,2018-07-15 15:45:00+00:00,2018-07-15 16:00:00+00:00,2018-07-15 16:45:00+00:00,2018-07-15 17:45:00+00:00,True
2022,1,1,group,False,Group A,Al Bayt Stadium,Qatar,Asia/Qatar,2022-11-20 16:00:00+00:00,Qatar,Ecuador,True,QAT,,0.0,2.0,True,Ecuador,2.0,2.0,False,,,QAT,,False,False,False,False,True,2022-11-20 15:00:00+00:00,2022-11-20 16:00:00+00:00,2022-11-20 16:45:00+00:00,2022-11-20 17:00:00+00:00,2022-11-20 17:45:00+00:00,2022-11-20 18:45:00+00:00,True
2022,3,1,group,False,Group B,Khalifa International Stadium,Qatar,Asia/Qatar,2022-11-21 13:00:00+00:00,England,Iran,True,GBR,,6.0,2.0,True,England,8.0,4.0,False,GBPUSD,6B,EWU,UKX,False,False,True,False,False,2022-11-21 12:00:00+00:00,2022-11-21 13:00:00+00:00,2022-11-21 13:45:00+00:00,2022-11-21 14:00:00+00:00,2022-11-21 14:45:00+00:00,2022-11-21 15:45:00+00:00,True
2022,2,1,group,False,Group A,Al Thumama Stadium,Qatar,Asia/Qatar,2022-11-21 16:00:00+00:00,Senegal,Netherlands,True,,NLD,0.0,2.0,True,Netherlands,2.0,2.0,False,EURUSD,6E,EWN,AEX,False,True,False,False,False,2022-11-21 15:00:00+00:00,2022-11-21 16:00:00+00:00,2022-11-21 16:45:00+00:00,2022-11-21 17:00:00+00:00,2022-11-21 17:45:00+00:00,2022-11-21 18:45:00+00:00,True
2022,4,1,group,False,Group B,Ahmad Bin Ali Stadium,Qatar,Asia/Qatar,2022-11-21 19:00:00+00:00,USA,Wales,True,USA,,1.0,1.0,True,Draw,2.0,0.0,True,,ES,SPY,SPX,True,False,False,False,False,2022-11-21 18:00:00+00:00,2022-11-21 19:00:00+00:00,2022-11-21 19:45:00+00:00,2022-11-21 20:00:00+00:00,2022-11-21 20:45:00+00:00,2022-11-21 21:45:00+00:00,True
2022,8,1,group,False,Group C,Lusail Stadium,Qatar,Asia/Qatar,2022-11-22 10:00:00+00:00,Argentina,Saudi Arabia,True,ARG,SAU,1.0,2.0,True,Saudi Arabia,3.0,1.0,False,,,"ARGT,KSA",SASEIDX,False,False,False,False,False,2022-11-22 09:00:00+00:00,2022-11-22 10:00:00+00:00,2022-11-22 10:45:00+00:00,2022-11-22 11:00:00+00:00,2022-11-22 11:45:00+00:00,2022-11-22 12:45:00+00:00,True
2022,6,1,group,False,Group D,Education City Stadium,Qatar,Asia/Qatar,2022-11-22 13:00:00+00:00,Denmark,Tunisia,True,,,0.0,0.0,True,Draw,0.0,0.0,True,,,,,False,False,False,False,False,2022-11-22 12:00:00+00:00,2022-11-22 13:00:00+00:00,2022-11-22 13:45:00+00:00,2022-11-22 14:00:00+00:00,2022-11-22 14:45:00+00:00,2022-11-22 15:45:00+00:00,True
2022,7,1,group,False,Group C,Stadium 974,Qatar,Asia/Qatar,2022-11-22 16:00:00+00:00,Mexico,Poland,True,MEX,,0.0,0.0,True,Draw,0.0,0.0,True,USDMXN,6M,EWW,IPC,False,False,False,False,False,2022-11-22 15:00:00+00:00,2022-11-22 16:00:00+00:00,2022-11-22 16:45:00+00:00,2022-11-22 17:00:00+00:00,2022-11-22 17:45:00+00:00,2022-11-22 18:45:00+00:00,True
2022,5,1,group,False,Group D,Al Janoub Stadium,Qatar,Asia/Qatar,2022-11-22 19:00:00+00:00,France,Australia,True,FRA,AUS,4.0,1.0,True,France,5.0,3.0,False,"AUDUSD,EURUSD","6A,6E","EWA,EWQ","AS51,CAC",False,True,False,False,False,2022-11-22 18:00:00+00:00,2022-11-22 19:00:00+00:00,2022-11-22 19:45:00+00:00,2022-11-22 20:00:00+00:00,2022-11-22 20:45:00+00:00,2022-11-22 21:45:00+00:00,True
2022,12,1,group,False,Group F,Al Bayt Stadium,Qatar,Asia/Qatar,2022-11-23 10:00:00+00:00,Morocco,Croatia,True,,HRV,0.0,0.0,True,Draw,0.0,0.0,True,EURUSD,6E,,,False,False,False,False,False,2022-11-23 09:00:00+00:00,2022-11-23 10:00:00+00:00,2022-11-23 10:45:00+00:00,2022-11-23 11:00:00+00:00,2022-11-23 11:45:00+00:00,2022-11-23 12:45:00+00:00,True
2022,11,1,group,False,Group E,Khalifa International Stadium,Qatar,Asia/Qatar,2022-11-23 13:00:00+00:00,Germany,Japan,True,DEU,JPN,1.0,2.0,True,Japan,3.0,1.0,False,"EURUSD,USDJPY","6E,6J","EWG,EWJ","DAX,NKY",False,True,False,True,False,2022-11-23 12:00:00+00:00,2022-11-23 13:00:00+00:00,2022-11-23 13:45:00+00:00,2022-11-23 14:00:00+00:00,2022-11-23 14:45:00+00:00,2022-11-23 15:45:00+00:00,True
2022,10,1,group,False,Group E,Al Thumama Stadium,Qatar,Asia/Qatar,2022-11-23 16:00:00+00:00,Spain,Costa Rica,True,ESP,,7.0,0.0,True,Spain,7.0,7.0,False,EURUSD,6E,EWP,IBEX,False,True,False,False,False,2022-11-23 15:00:00+00:00,2022-11-23 16:00:00+00:00,2022-11-23 16:45:00+00:00,2022-11-23 17:00:00+00:00,2022-11-23 17:45:00+00:00,2022-11-23 18:45:00+00:00,True
2022,9,1,group,False,Group F,Ahmad Bin Ali Stadium,Qatar,Asia/Qatar,2022-11-23 19:00:00+00:00,Belgium,Canada,True,BEL,CAN,1.0,0.0,True,Belgium,1.0,1.0,False,"EURUSD,USDCAD","6C,6E",EWC,"BEL20,TSX",False,True,False,False,False,2022-11-23 18:00:00+00:00,2022-11-23 19:00:00+00:00,2022-11-23 19:45:00+00:00,2022-11-23 20:00:00+00:00,2022-11-23 20:45:00+00:00,2022-11-23 21:45:00+00:00,True
2022,13,1,group,False,Group G,Al Janoub Stadium,Qatar,Asia/Qatar,2022-11-24 10:00:00+00:00,Switzerland,Cameroon,True,CHE,,1.0,0.0,True,Switzerland,1.0,1.0,False,USDCHF,6S,EWL,SMI,False,False,False,False,False,2022-11-24 09:00:00+00:00,2022-11-24 10:00:00+00:00,2022-11-24 10:45:00+00:00,2022-11-24 11:00:00+00:00,2022-11-24 11:45:00+00:00,2022-11-24 12:45:00+00:00,True
2022,14,1,group,False,Group H,Education City Stadium,Qatar,Asia/Qatar,2022-11-24 13:00:00+00:00,Uruguay,Korea Republic,True,,KOR,0.0,0.0,True,Draw,0.0,0.0,True,,,EWY,KOSPI,False,False,False,False,False,2022-11-24 12:00:00+00:00,2022-11-24 13:00:00+00:00,2022-11-24 13:45:00+00:00,2022-11-24 14:00:00+00:00,2022-11-24 14:45:00+00:00,2022-11-24 15:45:00+00:00,True
2022,15,1,group,False,Group H,Stadium 974,Qatar,Asia/Qatar,2022-11-24 16:00:00+00:00,Portugal,Ghana,True,PRT,,3.0,2.0,True,Portugal,5.0,1.0,False,EURUSD,6E,,PSI,False,True,False,False,False,2022-11-24 15:00:00+00:00,2022-11-24 16:00:00+00:00,2022-11-24 16:45:00+00:00,2022-11-24 17:00:00+00:00,2022-11-24 17:45:00+00:00,2022-11-24 18:45:00+00:00,True
2022,16,1,group,False,Group G,Lusail Stadium,Qatar,Asia/Qatar,2022-11-24 19:00:00+00:00,Brazil,Serbia,True,BRA,,2.0,0.0,True,Brazil,2.0,2.0,False,USDBRL,6L,EWZ,IBOV,False,False,False,False,False,2022-11-24 18:00:00+00:00,2022-11-24 19:00:00+00:00,2022-11-24 19:45:00+00:00,2022-11-24 20:00:00+00:00,2022-11-24 20:45:00+00:00,2022-11-24 21:45:00+00:00,True
2022,17,2,group,False,Group B,Ahmad Bin Ali Stadium,Qatar,Asia/Qatar,2022-11-25 10:00:00+00:00,Wales,Iran,True,,,0.0,2.0,True,Iran,2.0,2.0,False,,,,,False,False,False,False,False,2022-11-25 09:00:00+00:00,2022-11-25 10:00:00+00:00,2022-11-25 10:45:00+00:00,2022-11-25 11:00:00+00:00,2022-11-25 11:45:00+00:00,2022-11-25 12:45:00+00:00,True
2022,18,2,group,False,Group A,Al Thumama Stadium,Qatar,Asia/Qatar,2022-11-25 13:00:00+00:00,Qatar,Senegal,True,QAT,,1.0,3.0,True,Senegal,4.0,2.0,False,,,QAT,,False,False,False,False,True,2022-11-25 12:00:00+00:00,2022-11-25 13:00:00+00:00,2022-11-25 13:45:00+00:00,2022-11-25 14:00:00+00:00,2022-11-25 14:45:00+00:00,2022-11-25 15:45:00+00:00,True
2022,19,2,group,False,Group A,Khalifa International Stadium,Qatar,Asia/Qatar,2022-11-25 16:00:00+00:00,Netherlands,Ecuador,True,NLD,,1.0,1.0,True,Draw,2.0,0.0,True,EURUSD,6E,EWN,AEX,False,True,False,False,False,2022-11-25 15:00:00+00:00,2022-11-25 16:00:00+00:00,2022-11-25 16:45:00+00:00,2022-11-25 17:00:00+00:00,2022-11-25 17:45:00+00:00,2022-11-25 18:45:00+00:00,True
2022,20,2,group,False,Group B,Al Bayt Stadium,Qatar,Asia/Qatar,2022-11-25 19:00:00+00:00,England,USA,True,GBR,USA,0.0,0.0,True,Draw,0.0,0.0,True,GBPUSD,"6B,ES","EWU,SPY","SPX,UKX",True,False,True,False,False,2022-11-25 18:00:00+00:00,2022-11-25 19:00:00+00:00,2022-11-25 19:45:00+00:00,2022-11-25 20:00:00+00:00,2022-11-25 20:45:00+00:00,2022-11-25 21:45:00+00:00,True
2022,21,2,group,False,Group D,Al Janoub Stadium,Qatar,Asia/Qatar,2022-11-26 10:00:00+00:00,Tunisia,Australia,True,,AUS,0.0,1.0,True,Australia,1.0,1.0,False,AUDUSD,6A,EWA,AS51,False,False,False,False,False,2022-11-26 09:00:00+00:00,2022-11-26 10:00:00+00:00,2022-11-26 10:45:00+00:00,2022-11-26 11:00:00+00:00,2022-11-26 11:45:00+00:00,2022-11-26 12:45:00+00:00,True
2022,22,2,group,False,Group C,Education City Stadium,Qatar,Asia/Qatar,2022-11-26 13:00:00+00:00,Poland,Saudi Arabia,True,,SAU,2.0,0.0,True,Poland,2.0,2.0,False,,,KSA,SASEIDX,False,False,False,False,False,2022-11-26 12:00:00+00:00,2022-11-26 13:00:00+00:00,2022-11-26 13:45:00+00:00,2022-11-26 14:00:00+00:00,2022-11-26 14:45:00+00:00,2022-11-26 15:45:00+00:00,True
2022,23,2,group,False,Group D,Stadium 974,Qatar,Asia/Qatar,2022-11-26 16:00:00+00:00,France,Denmark,True,FRA,,2.0,1.0,True,France,3.0,1.0,False,EURUSD,6E,EWQ,CAC,False,True,False,False,False,2022-11-26 15:00:00+00:00,2022-11-26 16:00:00+00:00,2022-11-26 16:45:00+00:00,2022-11-26 17:00:00+00:00,2022-11-26 17:45:00+00:00,2022-11-26 18:45:00+00:00,True
2022,24,2,group,False,Group C,Lusail Stadium,Qatar,Asia/Qatar,2022-11-26 19:00:00+00:00,Argentina,Mexico,True,ARG,MEX,2.0,0.0,True,Argentina,2.0,2.0,False,USDMXN,6M,"ARGT,EWW",IPC,False,False,False,False,False,2022-11-26 18:00:00+00:00,2022-11-26 19:00:00+00:00,2022-11-26 19:45:00+00:00,2022-11-26 20:00:00+00:00,2022-11-26 20:45:00+00:00,2022-11-26 21:45:00+00:00,True
2022,25,2,group,False,Group E,Ahmad Bin Ali Stadium,Qatar,Asia/Qatar,2022-11-27 10:00:00+00:00,Japan,Costa Rica,True,JPN,,0.0,1.0,True,Costa Rica,1.0,1.0,False,USDJPY,6J,EWJ,NKY,False,False,False,True,False,2022-11-27 09:00:00+00:00,2022-11-27 10:00:00+00:00,2022-11-27 10:45:00+00:00,2022-11-27 11:00:00+00:00,2022-11-27 11:45:00+00:00,2022-11-27 12:45:00+00:00,True
2022,26,2,group,False,Group F,Al Thumama Stadium,Qatar,Asia/Qatar,2022-11-27 13:00:00+00:00,Belgium,Morocco,True,BEL,,0.0,2.0,True,Morocco,2.0,2.0,False,EURUSD,6E,,BEL20,False,True,False,False,False,2022-11-27 12:00:00+00:00,2022-11-27 13:00:00+00:00,2022-11-27 13:45:00+00:00,2022-11-27 14:00:00+00:00,2022-11-27 14:45:00+00:00,2022-11-27 15:45:00+00:00,True
2022,27,2,group,False,Group F,Khalifa International Stadium,Qatar,Asia/Qatar,2022-11-27 16:00:00+00:00,Croatia,Canada,True,HRV,CAN,4.0,1.0,True,Croatia,5.0,3.0,False,"EURUSD,USDCAD","6C,6E",EWC,TSX,False,False,False,False,False,2022-11-27 15:00:00+00:00,2022-11-27 16:00:00+00:00,2022-11-27 16:45:00+00:00,2022-11-27 17:00:00+00:00,2022-11-27 17:45:00+00:00,2022-11-27 18:45:00+00:00,True
2022,28,2,group,False,Group E,Al Bayt Stadium,Qatar,Asia/Qatar,2022-11-27 19:00:00+00:00,Spain,Germany,True,ESP,DEU,1.0,1.0,True,Draw,2.0,0.0,True,EURUSD,6E,"EWG,EWP","DAX,IBEX",False,True,False,False,False,2022-11-27 18:00:00+00:00,2022-11-27 19:00:00+00:00,2022-11-27 19:45:00+00:00,2022-11-27 20:00:00+00:00,2022-11-27 20:45:00+00:00,2022-11-27 21:45:00+00:00,True
2022,29,2,group,False,Group G,Al Janoub Stadium,Qatar,Asia/Qatar,2022-11-28 10:00:00+00:00,Cameroon,Serbia,True,,,3.0,3.0,True,Draw,6.0,0.0,True,,,,,False,False,False,False,False,2022-11-28 09:00:00+00:00,2022-11-28 10:00:00+00:00,2022-11-28 10:45:00+00:00,2022-11-28 11:00:00+00:00,2022-11-28 11:45:00+00:00,2022-11-28 12:45:00+00:00,True
2022,30,2,group,False,Group H,Education City Stadium,Qatar,Asia/Qatar,2022-11-28 13:00:00+00:00,Korea Republic,Ghana,True,KOR,,2.0,3.0,True,Ghana,5.0,1.0,False,,,EWY,KOSPI,False,False,False,False,False,2022-11-28 12:00:00+00:00,2022-11-28 13:00:00+00:00,2022-11-28 13:45:00+00:00,2022-11-28 14:00:00+00:00,2022-11-28 14:45:00+00:00,2022-11-28 15:45:00+00:00,True
2022,31,2,group,False,Group G,Stadium 974,Qatar,Asia/Qatar,2022-11-28 16:00:00+00:00,Brazil,Switzerland,True,BRA,CHE,1.0,0.0,True,Brazil,1.0,1.0,False,"USDBRL,USDCHF","6L,6S","EWL,EWZ","IBOV,SMI",False,False,False,False,False,2022-11-28 15:00:00+00:00,2022-11-28 16:00:00+00:00,2022-11-28 16:45:00+00:00,2022-11-28 17:00:00+00:00,2022-11-28 17:45:00+00:00,2022-11-28 18:45:00+00:00,True
2022,32,2,group,False,Group H,Lusail Stadium,Qatar,Asia/Qatar,2022-11-28 19:00:00+00:00,Portugal,Uruguay,True,PRT,,2.0,0.0,True,Portugal,2.0,2.0,False,EURUSD,6E,,PSI,False,True,False,False,False,2022-11-28 18:00:00+00:00,2022-11-28 19:00:00+00:00,2022-11-28 19:45:00+00:00,2022-11-28 20:00:00+00:00,2022-11-28 20:45:00+00:00,2022-11-28 21:45:00+00:00,True
2022,35,3,group,False,Group A,Khalifa International Stadium,Qatar,Asia/Qatar,2022-11-29 15:00:00+00:00,Ecuador,Senegal,True,,,1.0,2.0,True,Senegal,3.0,1.0,False,,,,,False,False,False,False,False,2022-11-29 14:00:00+00:00,2022-11-29 15:00:00+00:00,2022-11-29 15:45:00+00:00,2022-11-29 16:00:00+00:00,2022-11-29 16:45:00+00:00,2022-11-29 17:45:00+00:00,True
2022,36,3,group,False,Group A,Al Bayt Stadium,Qatar,Asia/Qatar,2022-11-29 15:00:00+00:00,Netherlands,Qatar,True,NLD,QAT,2.0,0.0,True,Netherlands,2.0,2.0,False,EURUSD,6E,"EWN,QAT",AEX,False,True,False,False,True,2022-11-29 14:00:00+00:00,2022-11-29 15:00:00+00:00,2022-11-29 15:45:00+00:00,2022-11-29 16:00:00+00:00,2022-11-29 16:45:00+00:00,2022-11-29 17:45:00+00:00,True
2022,33,3,group,False,Group B,Ahmad Bin Ali Stadium,Qatar,Asia/Qatar,2022-11-29 19:00:00+00:00,Wales,England,True,,GBR,0.0,3.0,True,England,3.0,3.0,False,GBPUSD,6B,EWU,UKX,False,False,True,False,False,2022-11-29 18:00:00+00:00,2022-11-29 19:00:00+00:00,2022-11-29 19:45:00+00:00,2022-11-29 20:00:00+00:00,2022-11-29 20:45:00+00:00,2022-11-29 21:45:00+00:00,True
2022,34,3,group,False,Group B,Al Thumama Stadium,Qatar,Asia/Qatar,2022-11-29 19:00:00+00:00,Iran,USA,True,,USA,0.0,1.0,True,USA,1.0,1.0,False,,ES,SPY,SPX,True,False,False,False,False,2022-11-29 18:00:00+00:00,2022-11-29 19:00:00+00:00,2022-11-29 19:45:00+00:00,2022-11-29 20:00:00+00:00,2022-11-29 20:45:00+00:00,2022-11-29 21:45:00+00:00,True
2022,37,3,group,False,Group D,Al Janoub Stadium,Qatar,Asia/Qatar,2022-11-30 15:00:00+00:00,Australia,Denmark,True,AUS,,1.0,0.0,True,Australia,1.0,1.0,False,AUDUSD,6A,EWA,AS51,False,False,False,False,False,2022-11-30 14:00:00+00:00,2022-11-30 15:00:00+00:00,2022-11-30 15:45:00+00:00,2022-11-30 16:00:00+00:00,2022-11-30 16:45:00+00:00,2022-11-30 17:45:00+00:00,True
2022,38,3,group,False,Group D,Education City Stadium,Qatar,Asia/Qatar,2022-11-30 15:00:00+00:00,Tunisia,France,True,,FRA,1.0,0.0,True,Tunisia,1.0,1.0,False,EURUSD,6E,EWQ,CAC,False,True,False,False,False,2022-11-30 14:00:00+00:00,2022-11-30 15:00:00+00:00,2022-11-30 15:45:00+00:00,2022-11-30 16:00:00+00:00,2022-11-30 16:45:00+00:00,2022-11-30 17:45:00+00:00,True
2022,39,3,group,False,Group C,Stadium 974,Qatar,Asia/Qatar,2022-11-30 19:00:00+00:00,Poland,Argentina,True,,ARG,0.0,2.0,True,Argentina,2.0,2.0,False,,,ARGT,,False,False,False,False,False,2022-11-30 18:00:00+00:00,2022-11-30 19:00:00+00:00,2022-11-30 19:45:00+00:00,2022-11-30 20:00:00+00:00,2022-11-30 20:45:00+00:00,2022-11-30 21:45:00+00:00,True
2022,40,3,group,False,Group C,Lusail Stadium,Qatar,Asia/Qatar,2022-11-30 19:00:00+00:00,Saudi Arabia,Mexico,True,SAU,MEX,1.0,2.0,True,Mexico,3.0,1.0,False,USDMXN,6M,"EWW,KSA","IPC,SASEIDX",False,False,False,False,False,2022-11-30 18:00:00+00:00,2022-11-30 19:00:00+00:00,2022-11-30 19:45:00+00:00,2022-11-30 20:00:00+00:00,2022-11-30 20:45:00+00:00,2022-11-30 21:45:00+00:00,True
2022,41,3,group,False,Group F,Ahmad Bin Ali Stadium,Qatar,Asia/Qatar,2022-12-01 15:00:00+00:00,Croatia,Belgium,True,HRV,BEL,0.0,0.0,True,Draw,0.0,0.0,True,EURUSD,6E,,BEL20,False,True,False,False,False,2022-12-01 14:00:00+00:00,2022-12-01 15:00:00+00:00,2022-12-01 15:45:00+00:00,2022-12-01 16:00:00+00:00,2022-12-01 16:45:00+00:00,2022-12-01 17:45:00+00:00,True
2022,42,3,group,False,Group F,Al Thumama Stadium,Qatar,Asia/Qatar,2022-12-01 15:00:00+00:00,Canada,Morocco,True,CAN,,1.0,2.0,True,Morocco,3.0,1.0,False,USDCAD,6C,EWC,TSX,False,False,False,False,False,2022-12-01 14:00:00+00:00,2022-12-01 15:00:00+00:00,2022-12-01 15:45:00+00:00,2022-12-01 16:00:00+00:00,2022-12-01 16:45:00+00:00,2022-12-01 17:45:00+00:00,True
2022,43,3,group,False,Group E,Khalifa International Stadium,Qatar,Asia/Qatar,2022-12-01 19:00:00+00:00,Japan,Spain,True,JPN,ESP,2.0,1.0,True,Japan,3.0,1.0,False,"EURUSD,USDJPY","6E,6J","EWJ,EWP","IBEX,NKY",False,True,False,True,False,2022-12-01 18:00:00+00:00,2022-12-01 19:00:00+00:00,2022-12-01 19:45:00+00:00,2022-12-01 20:00:00+00:00,2022-12-01 20:45:00+00:00,2022-12-01 21:45:00+00:00,True
2022,44,3,group,False,Group E,Al Bayt Stadium,Qatar,Asia/Qatar,2022-12-01 19:00:00+00:00,Costa Rica,Germany,True,,DEU,2.0,4.0,True,Germany,6.0,2.0,False,EURUSD,6E,EWG,DAX,False,True,False,False,False,2022-12-01 18:00:00+00:00,2022-12-01 19:00:00+00:00,2022-12-01 19:45:00+00:00,2022-12-01 20:00:00+00:00,2022-12-01 20:45:00+00:00,2022-12-01 21:45:00+00:00,True
2022,45,3,group,False,Group H,Al Janoub Stadium,Qatar,Asia/Qatar,2022-12-02 15:00:00+00:00,Ghana,Uruguay,True,,,0.0,2.0,True,Uruguay,2.0,2.0,False,,,,,False,False,False,False,False,2022-12-02 14:00:00+00:00,2022-12-02 15:00:00+00:00,2022-12-02 15:45:00+00:00,2022-12-02 16:00:00+00:00,2022-12-02 16:45:00+00:00,2022-12-02 17:45:00+00:00,True
2022,46,3,group,False,Group H,Education City Stadium,Qatar,Asia/Qatar,2022-12-02 15:00:00+00:00,Korea Republic,Portugal,True,KOR,PRT,2.0,1.0,True,Korea Republic,3.0,1.0,False,EURUSD,6E,EWY,"KOSPI,PSI",False,True,False,False,False,2022-12-02 14:00:00+00:00,2022-12-02 15:00:00+00:00,2022-12-02 15:45:00+00:00,2022-12-02 16:00:00+00:00,2022-12-02 16:45:00+00:00,2022-12-02 17:45:00+00:00,True
2022,47,3,group,False,Group G,Stadium 974,Qatar,Asia/Qatar,2022-12-02 19:00:00+00:00,Serbia,Switzerland,True,,CHE,2.0,3.0,True,Switzerland,5.0,1.0,False,USDCHF,6S,EWL,SMI,False,False,False,False,False,2022-12-02 18:00:00+00:00,2022-12-02 19:00:00+00:00,2022-12-02 19:45:00+00:00,2022-12-02 20:00:00+00:00,2022-12-02 20:45:00+00:00,2022-12-02 21:45:00+00:00,True
2022,48,3,group,False,Group G,Lusail Stadium,Qatar,Asia/Qatar,2022-12-02 19:00:00+00:00,Cameroon,Brazil,True,,BRA,1.0,0.0,True,Cameroon,1.0,1.0,False,USDBRL,6L,EWZ,IBOV,False,False,False,False,False,2022-12-02 18:00:00+00:00,2022-12-02 19:00:00+00:00,2022-12-02 19:45:00+00:00,2022-12-02 20:00:00+00:00,2022-12-02 20:45:00+00:00,2022-12-02 21:45:00+00:00,True
2022,49,4,R16,True,,Khalifa International Stadium,Qatar,Asia/Qatar,2022-12-03 15:00:00+00:00,Netherlands,USA,True,NLD,USA,3.0,1.0,True,Netherlands,4.0,2.0,False,EURUSD,"6E,ES","EWN,SPY","AEX,SPX",True,True,False,False,False,2022-12-03 14:00:00+00:00,2022-12-03 15:00:00+00:00,2022-12-03 15:45:00+00:00,2022-12-03 16:00:00+00:00,2022-12-03 16:45:00+00:00,2022-12-03 17:45:00+00:00,True
2022,50,4,R16,True,,Ahmad Bin Ali Stadium,Qatar,Asia/Qatar,2022-12-03 19:00:00+00:00,Argentina,Australia,True,ARG,AUS,2.0,1.0,True,Argentina,3.0,1.0,False,AUDUSD,6A,"ARGT,EWA",AS51,False,False,False,False,False,2022-12-03 18:00:00+00:00,2022-12-03 19:00:00+00:00,2022-12-03 19:45:00+00:00,2022-12-03 20:00:00+00:00,2022-12-03 20:45:00+00:00,2022-12-03 21:45:00+00:00,True
2022,52,4,R16,True,,Al Thumama Stadium,Qatar,Asia/Qatar,2022-12-04 15:00:00+00:00,France,Poland,True,FRA,,3.0,1.0,True,France,4.0,2.0,False,EURUSD,6E,EWQ,CAC,False,True,False,False,False,2022-12-04 14:00:00+00:00,2022-12-04 15:00:00+00:00,2022-12-04 15:45:00+00:00,2022-12-04 16:00:00+00:00,2022-12-04 16:45:00+00:00,2022-12-04 17:45:00+00:00,True
2022,51,4,R16,True,,Al Bayt Stadium,Qatar,Asia/Qatar,2022-12-04 19:00:00+00:00,England,Senegal,True,GBR,,3.0,0.0,True,England,3.0,3.0,False,GBPUSD,6B,EWU,UKX,False,False,True,False,False,2022-12-04 18:00:00+00:00,2022-12-04 19:00:00+00:00,2022-12-04 19:45:00+00:00,2022-12-04 20:00:00+00:00,2022-12-04 20:45:00+00:00,2022-12-04 21:45:00+00:00,True
2022,53,4,R16,True,,Al Janoub Stadium,Qatar,Asia/Qatar,2022-12-05 15:00:00+00:00,Japan,Croatia,True,JPN,HRV,1.0,1.0,True,Croatia,2.0,0.0,True,"EURUSD,USDJPY","6E,6J",EWJ,NKY,False,False,False,True,False,2022-12-05 14:00:00+00:00,2022-12-05 15:00:00+00:00,2022-12-05 15:45:00+00:00,2022-12-05 16:00:00+00:00,2022-12-05 16:45:00+00:00,2022-12-05 17:45:00+00:00,True
2022,54,4,R16,True,,Stadium 974,Qatar,Asia/Qatar,2022-12-05 19:00:00+00:00,Brazil,Korea Republic,True,BRA,KOR,4.0,1.0,True,Brazil,5.0,3.0,False,USDBRL,6L,"EWY,EWZ","IBOV,KOSPI",False,False,False,False,False,2022-12-05 18:00:00+00:00,2022-12-05 19:00:00+00:00,2022-12-05 19:45:00+00:00,2022-12-05 20:00:00+00:00,2022-12-05 20:45:00+00:00,2022-12-05 21:45:00+00:00,True
2022,55,4,R16,True,,Education City Stadium,Qatar,Asia/Qatar,2022-12-06 15:00:00+00:00,Morocco,Spain,True,,ESP,0.0,0.0,True,Morocco,0.0,0.0,True,EURUSD,6E,EWP,IBEX,False,True,False,False,False,2022-12-06 14:00:00+00:00,2022-12-06 15:00:00+00:00,2022-12-06 15:45:00+00:00,2022-12-06 16:00:00+00:00,2022-12-06 16:45:00+00:00,2022-12-06 17:45:00+00:00,True
2022,56,4,R16,True,,Lusail Stadium,Qatar,Asia/Qatar,2022-12-06 19:00:00+00:00,Portugal,Switzerland,True,PRT,CHE,6.0,1.0,True,Portugal,7.0,5.0,False,"EURUSD,USDCHF","6E,6S",EWL,"PSI,SMI",False,True,False,False,False,2022-12-06 18:00:00+00:00,2022-12-06 19:00:00+00:00,2022-12-06 19:45:00+00:00,2022-12-06 20:00:00+00:00,2022-12-06 20:45:00+00:00,2022-12-06 21:45:00+00:00,True
2022,58,5,QF,True,,Education City Stadium,Qatar,Asia/Qatar,2022-12-09 15:00:00+00:00,Croatia,Brazil,True,HRV,BRA,1.0,1.0,True,Croatia,2.0,0.0,True,"EURUSD,USDBRL","6E,6L",EWZ,IBOV,False,False,False,False,False,2022-12-09 14:00:00+00:00,2022-12-09 15:00:00+00:00,2022-12-09 15:45:00+00:00,2022-12-09 16:00:00+00:00,2022-12-09 16:45:00+00:00,2022-12-09 17:45:00+00:00,True
2022,57,5,QF,True,,Lusail Stadium,Qatar,Asia/Qatar,2022-12-09 19:00:00+00:00,Netherlands,Argentina,True,NLD,ARG,2.0,2.0,True,Argentina,4.0,0.0,True,EURUSD,6E,"ARGT,EWN",AEX,False,True,False,False,False,2022-12-09 18:00:00+00:00,2022-12-09 19:00:00+00:00,2022-12-09 19:45:00+00:00,2022-12-09 20:00:00+00:00,2022-12-09 20:45:00+00:00,2022-12-09 21:45:00+00:00,True
2022,60,5,QF,True,,Al Thumama Stadium,Qatar,Asia/Qatar,2022-12-10 15:00:00+00:00,Morocco,Portugal,True,,PRT,1.0,0.0,True,Morocco,1.0,1.0,False,EURUSD,6E,,PSI,False,True,False,False,False,2022-12-10 14:00:00+00:00,2022-12-10 15:00:00+00:00,2022-12-10 15:45:00+00:00,2022-12-10 16:00:00+00:00,2022-12-10 16:45:00+00:00,2022-12-10 17:45:00+00:00,True
2022,59,5,QF,True,,Al Bayt Stadium,Qatar,Asia/Qatar,2022-12-10 19:00:00+00:00,England,France,True,GBR,FRA,1.0,2.0,True,France,3.0,1.0,False,"EURUSD,GBPUSD","6B,6E","EWQ,EWU","CAC,UKX",False,True,True,False,False,2022-12-10 18:00:00+00:00,2022-12-10 19:00:00+00:00,2022-12-10 19:45:00+00:00,2022-12-10 20:00:00+00:00,2022-12-10 20:45:00+00:00,2022-12-10 21:45:00+00:00,True
2022,61,6,SF,True,,Lusail Stadium,Qatar,Asia/Qatar,2022-12-13 19:00:00+00:00,Argentina,Croatia,True,ARG,HRV,3.0,0.0,True,Argentina,3.0,3.0,False,EURUSD,6E,ARGT,,False,False,False,False,False,2022-12-13 18:00:00+00:00,2022-12-13 19:00:00+00:00,2022-12-13 19:45:00+00:00,2022-12-13 20:00:00+00:00,2022-12-13 20:45:00+00:00,2022-12-13 21:45:00+00:00,True
2022,62,6,SF,True,,Al Bayt Stadium,Qatar,Asia/Qatar,2022-12-14 19:00:00+00:00,France,Morocco,True,FRA,,2.0,0.0,True,France,2.0,2.0,False,EURUSD,6E,EWQ,CAC,False,True,False,False,False,2022-12-14 18:00:00+00:00,2022-12-14 19:00:00+00:00,2022-12-14 19:45:00+00:00,2022-12-14 20:00:00+00:00,2022-12-14 20:45:00+00:00,2022-12-14 21:45:00+00:00,True
2022,63,7,final_3rd,True,,Khalifa International Stadium,Qatar,Asia/Qatar,2022-12-17 15:00:00+00:00,Croatia,Morocco,True,HRV,,2.0,1.0,True,Croatia,3.0,1.0,False,EURUSD,6E,,,False,False,False,False,False,2022-12-17 14:00:00+00:00,2022-12-17 15:00:00+00:00,2022-12-17 15:45:00+00:00,2022-12-17 16:00:00+00:00,2022-12-17 16:45:00+00:00,2022-12-17 17:45:00+00:00,True
2022,64,7,final_3rd,True,,Lusail Stadium,Qatar,Asia/Qatar,2022-12-18 15:00:00+00:00,Argentina,France,True,ARG,FRA,3.0,3.0,True,Argentina,6.0,0.0,True,EURUSD,6E,"ARGT,EWQ",CAC,False,True,False,False,False,2022-12-18 14:00:00+00:00,2022-12-18 15:00:00+00:00,2022-12-18 15:45:00+00:00,2022-12-18 16:00:00+00:00,2022-12-18 16:45:00+00:00,2022-12-18 17:45:00+00:00,True
2026,1,1,group,False,Group A,Mexico City Stadium,Mexico,America/Mexico_City,2026-06-11 19:00:00+00:00,Mexico,South Africa,True,MEX,ZAF,2.0,0.0,True,Mexico,2.0,2.0,False,"USDMXN,USDZAR",6M,"EWW,EZA","IPC,JALSH",False,False,False,False,True,2026-06-11 18:00:00+00:00,2026-06-11 19:00:00+00:00,2026-06-11 19:45:00+00:00,2026-06-11 20:00:00+00:00,2026-06-11 20:45:00+00:00,2026-06-11 21:45:00+00:00,True
2026,2,1,group,False,Group A,Guadalajara Stadium,Mexico,America/Mexico_City,2026-06-12 02:00:00+00:00,Korea Republic,Czechia,True,KOR,,2.0,1.0,True,Korea Republic,3.0,1.0,False,,,EWY,KOSPI,False,False,False,False,False,2026-06-12 01:00:00+00:00,2026-06-12 02:00:00+00:00,2026-06-12 02:45:00+00:00,2026-06-12 03:00:00+00:00,2026-06-12 03:45:00+00:00,2026-06-12 04:45:00+00:00,True
2026,3,1,group,False,Group B,Toronto Stadium,Canada,America/Toronto,2026-06-12 19:00:00+00:00,Canada,Bosnia and Herzegovina,True,CAN,,1.0,1.0,True,Draw,2.0,0.0,True,USDCAD,6C,EWC,TSX,False,False,False,False,True,2026-06-12 18:00:00+00:00,2026-06-12 19:00:00+00:00,2026-06-12 19:45:00+00:00,2026-06-12 20:00:00+00:00,2026-06-12 20:45:00+00:00,2026-06-12 21:45:00+00:00,True
2026,4,1,group,False,Group D,Los Angeles Stadium,USA,America/Los_Angeles,2026-06-13 01:00:00+00:00,USA,Paraguay,True,USA,,4.0,1.0,True,USA,5.0,3.0,False,,ES,SPY,SPX,True,False,False,False,True,2026-06-13 00:00:00+00:00,2026-06-13 01:00:00+00:00,2026-06-13 01:45:00+00:00,2026-06-13 02:00:00+00:00,2026-06-13 02:45:00+00:00,2026-06-13 03:45:00+00:00,True
2026,8,1,group,False,Group B,San Francisco Bay Area Stadium,USA,America/Los_Angeles,2026-06-13 19:00:00+00:00,Qatar,Switzerland,True,QAT,CHE,,,False,,,,False,USDCHF,6S,"EWL,QAT",SMI,False,False,False,False,False,2026-06-13 18:00:00+00:00,2026-06-13 19:00:00+00:00,2026-06-13 19:45:00+00:00,2026-06-13 20:00:00+00:00,2026-06-13 20:45:00+00:00,2026-06-13 21:45:00+00:00,True
2026,7,1,group,False,Group C,New York/New Jersey Stadium,USA,America/New_York,2026-06-13 22:00:00+00:00,Brazil,Morocco,True,BRA,,,,False,,,,False,USDBRL,6L,EWZ,IBOV,False,False,False,False,False,2026-06-13 21:00:00+00:00,2026-06-13 22:00:00+00:00,2026-06-13 22:45:00+00:00,2026-06-13 23:00:00+00:00,2026-06-13 23:45:00+00:00,2026-06-14 00:45:00+00:00,True
2026,5,1,group,False,Group C,Boston Stadium,USA,America/New_York,2026-06-14 01:00:00+00:00,Haiti,Scotland,True,,GBR,,,False,,,,False,GBPUSD,6B,EWU,UKX,False,False,True,False,False,2026-06-14 00:00:00+00:00,2026-06-14 01:00:00+00:00,2026-06-14 01:45:00+00:00,2026-06-14 02:00:00+00:00,2026-06-14 02:45:00+00:00,2026-06-14 03:45:00+00:00,True
2026,6,1,group,False,Group D,BC Place Vancouver,Canada,America/Vancouver,2026-06-14 04:00:00+00:00,Australia,Türkiye,True,AUS,TUR,,,False,,,,False,AUDUSD,6A,"EWA,TUR","AS51,XU100",False,False,False,False,False,2026-06-14 03:00:00+00:00,2026-06-14 04:00:00+00:00,2026-06-14 04:45:00+00:00,2026-06-14 05:00:00+00:00,2026-06-14 05:45:00+00:00,2026-06-14 06:45:00+00:00,True
2026,10,1,group,False,Group E,Houston Stadium,USA,America/Chicago,2026-06-14 17:00:00+00:00,Germany,Curaçao,True,DEU,,,,False,,,,False,EURUSD,6E,EWG,DAX,False,True,False,False,False,2026-06-14 16:00:00+00:00,2026-06-14 17:00:00+00:00,2026-06-14 17:45:00+00:00,2026-06-14 18:00:00+00:00,2026-06-14 18:45:00+00:00,2026-06-14 19:45:00+00:00,True
2026,11,1,group,False,Group F,Dallas Stadium,USA,America/Chicago,2026-06-14 20:00:00+00:00,Netherlands,Japan,True,NLD,JPN,,,False,,,,False,"EURUSD,USDJPY","6E,6J","EWJ,EWN","AEX,NKY",False,True,False,True,False,2026-06-14 19:00:00+00:00,2026-06-14 20:00:00+00:00,2026-06-14 20:45:00+00:00,2026-06-14 21:00:00+00:00,2026-06-14 21:45:00+00:00,2026-06-14 22:45:00+00:00,True
2026,9,1,group,False,Group E,Philadelphia Stadium,USA,America/New_York,2026-06-14 23:00:00+00:00,Côte d'Ivoire,Ecuador,True,,,,,False,,,,False,,,,,False,False,False,False,False,2026-06-14 22:00:00+00:00,2026-06-14 23:00:00+00:00,2026-06-14 23:45:00+00:00,2026-06-15 00:00:00+00:00,2026-06-15 00:45:00+00:00,2026-06-15 01:45:00+00:00,True
2026,12,1,group,False,Group F,Monterrey Stadium,Mexico,America/Monterrey,2026-06-15 02:00:00+00:00,Sweden,Tunisia,True,SWE,,,,False,,,,False,,,EWD,OMX,False,False,False,False,False,2026-06-15 01:00:00+00:00,2026-06-15 02:00:00+00:00,2026-06-15 02:45:00+00:00,2026-06-15 03:00:00+00:00,2026-06-15 03:45:00+00:00,2026-06-15 04:45:00+00:00,True
2026,14,1,group,False,Group H,Atlanta Stadium,USA,America/New_York,2026-06-15 16:00:00+00:00,Spain,Cabo Verde,True,ESP,,,,False,,,,False,EURUSD,6E,EWP,IBEX,False,True,False,False,False,2026-06-15 15:00:00+00:00,2026-06-15 16:00:00+00:00,2026-06-15 16:45:00+00:00,2026-06-15 17:00:00+00:00,2026-06-15 17:45:00+00:00,2026-06-15 18:45:00+00:00,True
2026,16,1,group,False,Group G,Seattle Stadium,USA,America/Los_Angeles,2026-06-15 19:00:00+00:00,Belgium,Egypt,True,BEL,EGY,,,False,,,,False,EURUSD,6E,EGPT,BEL20,False,True,False,False,False,2026-06-15 18:00:00+00:00,2026-06-15 19:00:00+00:00,2026-06-15 19:45:00+00:00,2026-06-15 20:00:00+00:00,2026-06-15 20:45:00+00:00,2026-06-15 21:45:00+00:00,True
2026,13,1,group,False,Group H,Miami Stadium,USA,America/New_York,2026-06-15 22:00:00+00:00,Saudi Arabia,Uruguay,True,SAU,,,,False,,,,False,,,KSA,SASEIDX,False,False,False,False,False,2026-06-15 21:00:00+00:00,2026-06-15 22:00:00+00:00,2026-06-15 22:45:00+00:00,2026-06-15 23:00:00+00:00,2026-06-15 23:45:00+00:00,2026-06-16 00:45:00+00:00,True
2026,15,1,group,False,Group G,Los Angeles Stadium,USA,America/Los_Angeles,2026-06-16 01:00:00+00:00,IR Iran,New Zealand,True,,,,,False,,,,False,,,,,False,False,False,False,False,2026-06-16 00:00:00+00:00,2026-06-16 01:00:00+00:00,2026-06-16 01:45:00+00:00,2026-06-16 02:00:00+00:00,2026-06-16 02:45:00+00:00,2026-06-16 03:45:00+00:00,True
2026,17,1,group,False,Group I,New York/New Jersey Stadium,USA,America/New_York,2026-06-16 19:00:00+00:00,France,Senegal,True,FRA,,,,False,,,,False,EURUSD,6E,EWQ,CAC,False,True,False,False,False,2026-06-16 18:00:00+00:00,2026-06-16 19:00:00+00:00,2026-06-16 19:45:00+00:00,2026-06-16 20:00:00+00:00,2026-06-16 20:45:00+00:00,2026-06-16 21:45:00+00:00,True
2026,18,1,group,False,Group I,Boston Stadium,USA,America/New_York,2026-06-16 22:00:00+00:00,Iraq,Norway,True,,NOR,,,False,,,,False,,,NORW,OBX,False,False,False,False,False,2026-06-16 21:00:00+00:00,2026-06-16 22:00:00+00:00,2026-06-16 22:45:00+00:00,2026-06-16 23:00:00+00:00,2026-06-16 23:45:00+00:00,2026-06-17 00:45:00+00:00,True
2026,19,1,group,False,Group J,Kansas City Stadium,USA,America/Chicago,2026-06-17 01:00:00+00:00,Argentina,Algeria,True,ARG,,,,False,,,,False,,,ARGT,,False,False,False,False,False,2026-06-17 00:00:00+00:00,2026-06-17 01:00:00+00:00,2026-06-17 01:45:00+00:00,2026-06-17 02:00:00+00:00,2026-06-17 02:45:00+00:00,2026-06-17 03:45:00+00:00,True
2026,20,1,group,False,Group J,San Francisco Bay Area Stadium,USA,America/Los_Angeles,2026-06-17 04:00:00+00:00,Austria,Jordan,True,AUT,,,,False,,,,False,EURUSD,6E,,ATX,False,True,False,False,False,2026-06-17 03:00:00+00:00,2026-06-17 04:00:00+00:00,2026-06-17 04:45:00+00:00,2026-06-17 05:00:00+00:00,2026-06-17 05:45:00+00:00,2026-06-17 06:45:00+00:00,True
2026,23,1,group,False,Group K,Houston Stadium,USA,America/Chicago,2026-06-17 17:00:00+00:00,Portugal,Congo DR,True,PRT,,,,False,,,,False,EURUSD,6E,,PSI,False,True,False,False,False,2026-06-17 16:00:00+00:00,2026-06-17 17:00:00+00:00,2026-06-17 17:45:00+00:00,2026-06-17 18:00:00+00:00,2026-06-17 18:45:00+00:00,2026-06-17 19:45:00+00:00,True
2026,22,1,group,False,Group L,Dallas Stadium,USA,America/Chicago,2026-06-17 20:00:00+00:00,England,Croatia,True,GBR,HRV,,,False,,,,False,"EURUSD,GBPUSD","6B,6E",EWU,UKX,False,True,True,False,False,2026-06-17 19:00:00+00:00,2026-06-17 20:00:00+00:00,2026-06-17 20:45:00+00:00,2026-06-17 21:00:00+00:00,2026-06-17 21:45:00+00:00,2026-06-17 22:45:00+00:00,True
2026,21,1,group,False,Group L,Toronto Stadium,Canada,America/Toronto,2026-06-17 23:00:00+00:00,Ghana,Panama,True,,,,,False,,,,False,,,,,False,False,False,False,False,2026-06-17 22:00:00+00:00,2026-06-17 23:00:00+00:00,2026-06-17 23:45:00+00:00,2026-06-18 00:00:00+00:00,2026-06-18 00:45:00+00:00,2026-06-18 01:45:00+00:00,True
2026,24,1,group,False,Group K,Mexico City Stadium,Mexico,America/Mexico_City,2026-06-18 02:00:00+00:00,Uzbekistan,Colombia,True,,COL,,,False,,,,False,,,GXG,,False,False,False,False,False,2026-06-18 01:00:00+00:00,2026-06-18 02:00:00+00:00,2026-06-18 02:45:00+00:00,2026-06-18 03:00:00+00:00,2026-06-18 03:45:00+00:00,2026-06-18 04:45:00+00:00,True
2026,25,2,group,False,Group A,Atlanta Stadium,USA,America/New_York,2026-06-18 16:00:00+00:00,Czechia,South Africa,True,,ZAF,,,False,,,,False,USDZAR,,EZA,JALSH,False,False,False,False,False,2026-06-18 15:00:00+00:00,2026-06-18 16:00:00+00:00,2026-06-18 16:45:00+00:00,2026-06-18 17:00:00+00:00,2026-06-18 17:45:00+00:00,2026-06-18 18:45:00+00:00,True
2026,26,2,group,False,Group B,Los Angeles Stadium,USA,America/Los_Angeles,2026-06-18 19:00:00+00:00,Switzerland,Bosnia and Herzegovina,True,CHE,,,,False,,,,False,USDCHF,6S,EWL,SMI,False,False,False,False,False,2026-06-18 18:00:00+00:00,2026-06-18 19:00:00+00:00,2026-06-18 19:45:00+00:00,2026-06-18 20:00:00+00:00,2026-06-18 20:45:00+00:00,2026-06-18 21:45:00+00:00,True
2026,27,2,group,False,Group B,BC Place Vancouver,Canada,America/Vancouver,2026-06-18 22:00:00+00:00,Canada,Qatar,True,CAN,QAT,,,False,,,,False,USDCAD,6C,"EWC,QAT",TSX,False,False,False,False,True,2026-06-18 21:00:00+00:00,2026-06-18 22:00:00+00:00,2026-06-18 22:45:00+00:00,2026-06-18 23:00:00+00:00,2026-06-18 23:45:00+00:00,2026-06-19 00:45:00+00:00,True
2026,28,2,group,False,Group A,Guadalajara Stadium,Mexico,America/Mexico_City,2026-06-19 01:00:00+00:00,Mexico,Korea Republic,True,MEX,KOR,,,False,,,,False,USDMXN,6M,"EWW,EWY","IPC,KOSPI",False,False,False,False,True,2026-06-19 00:00:00+00:00,2026-06-19 01:00:00+00:00,2026-06-19 01:45:00+00:00,2026-06-19 02:00:00+00:00,2026-06-19 02:45:00+00:00,2026-06-19 03:45:00+00:00,True
2026,32,2,group,False,Group D,Seattle Stadium,USA,America/Los_Angeles,2026-06-19 19:00:00+00:00,USA,Australia,True,USA,AUS,,,False,,,,False,AUDUSD,"6A,ES","EWA,SPY","AS51,SPX",True,False,False,False,True,2026-06-19 18:00:00+00:00,2026-06-19 19:00:00+00:00,2026-06-19 19:45:00+00:00,2026-06-19 20:00:00+00:00,2026-06-19 20:45:00+00:00,2026-06-19 21:45:00+00:00,True
2026,30,2,group,False,Group C,Boston Stadium,USA,America/New_York,2026-06-19 22:00:00+00:00,Scotland,Morocco,True,GBR,,,,False,,,,False,GBPUSD,6B,EWU,UKX,False,False,True,False,False,2026-06-19 21:00:00+00:00,2026-06-19 22:00:00+00:00,2026-06-19 22:45:00+00:00,2026-06-19 23:00:00+00:00,2026-06-19 23:45:00+00:00,2026-06-20 00:45:00+00:00,True
2026,29,2,group,False,Group C,Philadelphia Stadium,USA,America/New_York,2026-06-20 01:00:00+00:00,Brazil,Haiti,True,BRA,,,,False,,,,False,USDBRL,6L,EWZ,IBOV,False,False,False,False,False,2026-06-20 00:00:00+00:00,2026-06-20 01:00:00+00:00,2026-06-20 01:45:00+00:00,2026-06-20 02:00:00+00:00,2026-06-20 02:45:00+00:00,2026-06-20 03:45:00+00:00,True
2026,31,2,group,False,Group D,San Francisco Bay Area Stadium,USA,America/Los_Angeles,2026-06-20 04:00:00+00:00,Türkiye,Paraguay,True,TUR,,,,False,,,,False,,,TUR,XU100,False,False,False,False,False,2026-06-20 03:00:00+00:00,2026-06-20 04:00:00+00:00,2026-06-20 04:45:00+00:00,2026-06-20 05:00:00+00:00,2026-06-20 05:45:00+00:00,2026-06-20 06:45:00+00:00,True
2026,35,2,group,False,Group F,Houston Stadium,USA,America/Chicago,2026-06-20 17:00:00+00:00,Netherlands,Sweden,True,NLD,SWE,,,False,,,,False,EURUSD,6E,"EWD,EWN","AEX,OMX",False,True,False,False,False,2026-06-20 16:00:00+00:00,2026-06-20 17:00:00+00:00,2026-06-20 17:45:00+00:00,2026-06-20 18:00:00+00:00,2026-06-20 18:45:00+00:00,2026-06-20 19:45:00+00:00,True
2026,33,2,group,False,Group E,Toronto Stadium,Canada,America/Toronto,2026-06-20 20:00:00+00:00,Germany,Côte d'Ivoire,True,DEU,,,,False,,,,False,EURUSD,6E,EWG,DAX,False,True,False,False,False,2026-06-20 19:00:00+00:00,2026-06-20 20:00:00+00:00,2026-06-20 20:45:00+00:00,2026-06-20 21:00:00+00:00,2026-06-20 21:45:00+00:00,2026-06-20 22:45:00+00:00,True
2026,34,2,group,False,Group E,Kansas City Stadium,USA,America/Chicago,2026-06-21 00:00:00+00:00,Ecuador,Curaçao,True,,,,,False,,,,False,,,,,False,False,False,False,False,2026-06-20 23:00:00+00:00,2026-06-21 00:00:00+00:00,2026-06-21 00:45:00+00:00,2026-06-21 01:00:00+00:00,2026-06-21 01:45:00+00:00,2026-06-21 02:45:00+00:00,True
2026,36,2,group,False,Group F,Monterrey Stadium,Mexico,America/Monterrey,2026-06-21 04:00:00+00:00,Tunisia,Japan,True,,JPN,,,False,,,,False,USDJPY,6J,EWJ,NKY,False,False,False,True,False,2026-06-21 03:00:00+00:00,2026-06-21 04:00:00+00:00,2026-06-21 04:45:00+00:00,2026-06-21 05:00:00+00:00,2026-06-21 05:45:00+00:00,2026-06-21 06:45:00+00:00,True
2026,38,2,group,False,Group H,Atlanta Stadium,USA,America/New_York,2026-06-21 16:00:00+00:00,Spain,Saudi Arabia,True,ESP,SAU,,,False,,,,False,EURUSD,6E,"EWP,KSA","IBEX,SASEIDX",False,True,False,False,False,2026-06-21 15:00:00+00:00,2026-06-21 16:00:00+00:00,2026-06-21 16:45:00+00:00,2026-06-21 17:00:00+00:00,2026-06-21 17:45:00+00:00,2026-06-21 18:45:00+00:00,True
2026,39,2,group,False,Group G,Los Angeles Stadium,USA,America/Los_Angeles,2026-06-21 19:00:00+00:00,Belgium,IR Iran,True,BEL,,,,False,,,,False,EURUSD,6E,,BEL20,False,True,False,False,False,2026-06-21 18:00:00+00:00,2026-06-21 19:00:00+00:00,2026-06-21 19:45:00+00:00,2026-06-21 20:00:00+00:00,2026-06-21 20:45:00+00:00,2026-06-21 21:45:00+00:00,True
2026,37,2,group,False,Group H,Miami Stadium,USA,America/New_York,2026-06-21 22:00:00+00:00,Uruguay,Cabo Verde,True,,,,,False,,,,False,,,,,False,False,False,False,False,2026-06-21 21:00:00+00:00,2026-06-21 22:00:00+00:00,2026-06-21 22:45:00+00:00,2026-06-21 23:00:00+00:00,2026-06-21 23:45:00+00:00,2026-06-22 00:45:00+00:00,True
2026,40,2,group,False,Group G,BC Place Vancouver,Canada,America/Vancouver,2026-06-22 01:00:00+00:00,New Zealand,Egypt,True,,EGY,,,False,,,,False,,,EGPT,,False,False,False,False,False,2026-06-22 00:00:00+00:00,2026-06-22 01:00:00+00:00,2026-06-22 01:45:00+00:00,2026-06-22 02:00:00+00:00,2026-06-22 02:45:00+00:00,2026-06-22 03:45:00+00:00,True
2026,43,2,group,False,Group J,Dallas Stadium,USA,America/Chicago,2026-06-22 17:00:00+00:00,Argentina,Austria,True,ARG,AUT,,,False,,,,False,EURUSD,6E,ARGT,ATX,False,True,False,False,False,2026-06-22 16:00:00+00:00,2026-06-22 17:00:00+00:00,2026-06-22 17:45:00+00:00,2026-06-22 18:00:00+00:00,2026-06-22 18:45:00+00:00,2026-06-22 19:45:00+00:00,True
2026,42,2,group,False,Group I,Philadelphia Stadium,USA,America/New_York,2026-06-22 21:00:00+00:00,France,Iraq,True,FRA,,,,False,,,,False,EURUSD,6E,EWQ,CAC,False,True,False,False,False,2026-06-22 20:00:00+00:00,2026-06-22 21:00:00+00:00,2026-06-22 21:45:00+00:00,2026-06-22 22:00:00+00:00,2026-06-22 22:45:00+00:00,2026-06-22 23:45:00+00:00,True
2026,41,2,group,False,Group I,New York/New Jersey Stadium,USA,America/New_York,2026-06-23 00:00:00+00:00,Norway,Senegal,True,NOR,,,,False,,,,False,,,NORW,OBX,False,False,False,False,False,2026-06-22 23:00:00+00:00,2026-06-23 00:00:00+00:00,2026-06-23 00:45:00+00:00,2026-06-23 01:00:00+00:00,2026-06-23 01:45:00+00:00,2026-06-23 02:45:00+00:00,True
2026,44,2,group,False,Group J,San Francisco Bay Area Stadium,USA,America/Los_Angeles,2026-06-23 03:00:00+00:00,Jordan,Algeria,True,,,,,False,,,,False,,,,,False,False,False,False,False,2026-06-23 02:00:00+00:00,2026-06-23 03:00:00+00:00,2026-06-23 03:45:00+00:00,2026-06-23 04:00:00+00:00,2026-06-23 04:45:00+00:00,2026-06-23 05:45:00+00:00,True
2026,47,2,group,False,Group K,Houston Stadium,USA,America/Chicago,2026-06-23 17:00:00+00:00,Portugal,Uzbekistan,True,PRT,,,,False,,,,False,EURUSD,6E,,PSI,False,True,False,False,False,2026-06-23 16:00:00+00:00,2026-06-23 17:00:00+00:00,2026-06-23 17:45:00+00:00,2026-06-23 18:00:00+00:00,2026-06-23 18:45:00+00:00,2026-06-23 19:45:00+00:00,True
2026,45,2,group,False,Group L,Boston Stadium,USA,America/New_York,2026-06-23 20:00:00+00:00,England,Ghana,True,GBR,,,,False,,,,False,GBPUSD,6B,EWU,UKX,False,False,True,False,False,2026-06-23 19:00:00+00:00,2026-06-23 20:00:00+00:00,2026-06-23 20:45:00+00:00,2026-06-23 21:00:00+00:00,2026-06-23 21:45:00+00:00,2026-06-23 22:45:00+00:00,True
2026,46,2,group,False,Group L,Toronto Stadium,Canada,America/Toronto,2026-06-23 23:00:00+00:00,Panama,Croatia,True,,HRV,,,False,,,,False,EURUSD,6E,,,False,True,False,False,False,2026-06-23 22:00:00+00:00,2026-06-23 23:00:00+00:00,2026-06-23 23:45:00+00:00,2026-06-24 00:00:00+00:00,2026-06-24 00:45:00+00:00,2026-06-24 01:45:00+00:00,True
2026,48,2,group,False,Group K,Guadalajara Stadium,Mexico,America/Mexico_City,2026-06-24 02:00:00+00:00,Colombia,Congo DR,True,COL,,,,False,,,,False,,,GXG,,False,False,False,False,False,2026-06-24 01:00:00+00:00,2026-06-24 02:00:00+00:00,2026-06-24 02:45:00+00:00,2026-06-24 03:00:00+00:00,2026-06-24 03:45:00+00:00,2026-06-24 04:45:00+00:00,True
2026,51,3,group,False,Group B,BC Place Vancouver,Canada,America/Vancouver,2026-06-24 19:00:00+00:00,Switzerland,Canada,True,CHE,CAN,,,False,,,,False,"USDCAD,USDCHF","6C,6S","EWC,EWL","SMI,TSX",False,False,False,False,True,2026-06-24 18:00:00+00:00,2026-06-24 19:00:00+00:00,2026-06-24 19:45:00+00:00,2026-06-24 20:00:00+00:00,2026-06-24 20:45:00+00:00,2026-06-24 21:45:00+00:00,True
2026,52,3,group,False,Group B,Seattle Stadium,USA,America/Los_Angeles,2026-06-24 19:00:00+00:00,Bosnia and Herzegovina,Qatar,True,,QAT,,,False,,,,False,,,QAT,,False,False,False,False,False,2026-06-24 18:00:00+00:00,2026-06-24 19:00:00+00:00,2026-06-24 19:45:00+00:00,2026-06-24 20:00:00+00:00,2026-06-24 20:45:00+00:00,2026-06-24 21:45:00+00:00,True
2026,49,3,group,False,Group C,Miami Stadium,USA,America/New_York,2026-06-24 22:00:00+00:00,Scotland,Brazil,True,GBR,BRA,,,False,,,,False,"GBPUSD,USDBRL","6B,6L","EWU,EWZ","IBOV,UKX",False,False,True,False,False,2026-06-24 21:00:00+00:00,2026-06-24 22:00:00+00:00,2026-06-24 22:45:00+00:00,2026-06-24 23:00:00+00:00,2026-06-24 23:45:00+00:00,2026-06-25 00:45:00+00:00,True
2026,50,3,group,False,Group C,Atlanta Stadium,USA,America/New_York,2026-06-24 22:00:00+00:00,Morocco,Haiti,True,,,,,False,,,,False,,,,,False,False,False,False,False,2026-06-24 21:00:00+00:00,2026-06-24 22:00:00+00:00,2026-06-24 22:45:00+00:00,2026-06-24 23:00:00+00:00,2026-06-24 23:45:00+00:00,2026-06-25 00:45:00+00:00,True
2026,53,3,group,False,Group A,Mexico City Stadium,Mexico,America/Mexico_City,2026-06-25 01:00:00+00:00,Czechia,Mexico,True,,MEX,,,False,,,,False,USDMXN,6M,EWW,IPC,False,False,False,False,True,2026-06-25 00:00:00+00:00,2026-06-25 01:00:00+00:00,2026-06-25 01:45:00+00:00,2026-06-25 02:00:00+00:00,2026-06-25 02:45:00+00:00,2026-06-25 03:45:00+00:00,True
2026,54,3,group,False,Group A,Monterrey Stadium,Mexico,America/Monterrey,2026-06-25 01:00:00+00:00,South Africa,Korea Republic,True,ZAF,KOR,,,False,,,,False,USDZAR,,"EWY,EZA","JALSH,KOSPI",False,False,False,False,False,2026-06-25 00:00:00+00:00,2026-06-25 01:00:00+00:00,2026-06-25 01:45:00+00:00,2026-06-25 02:00:00+00:00,2026-06-25 02:45:00+00:00,2026-06-25 03:45:00+00:00,True
2026,55,3,group,False,Group E,Philadelphia Stadium,USA,America/New_York,2026-06-25 20:00:00+00:00,Curaçao,Côte d'Ivoire,True,,,,,False,,,,False,,,,,False,False,False,False,False,2026-06-25 19:00:00+00:00,2026-06-25 20:00:00+00:00,2026-06-25 20:45:00+00:00,2026-06-25 21:00:00+00:00,2026-06-25 21:45:00+00:00,2026-06-25 22:45:00+00:00,True
2026,56,3,group,False,Group E,New York/New Jersey Stadium,USA,America/New_York,2026-06-25 20:00:00+00:00,Ecuador,Germany,True,,DEU,,,False,,,,False,EURUSD,6E,EWG,DAX,False,True,False,False,False,2026-06-25 19:00:00+00:00,2026-06-25 20:00:00+00:00,2026-06-25 20:45:00+00:00,2026-06-25 21:00:00+00:00,2026-06-25 21:45:00+00:00,2026-06-25 22:45:00+00:00,True
2026,57,3,group,False,Group F,Dallas Stadium,USA,America/Chicago,2026-06-25 23:00:00+00:00,Japan,Sweden,True,JPN,SWE,,,False,,,,False,USDJPY,6J,"EWD,EWJ","NKY,OMX",False,False,False,True,False,2026-06-25 22:00:00+00:00,2026-06-25 23:00:00+00:00,2026-06-25 23:45:00+00:00,2026-06-26 00:00:00+00:00,2026-06-26 00:45:00+00:00,2026-06-26 01:45:00+00:00,True
2026,58,3,group,False,Group F,Kansas City Stadium,USA,America/Chicago,2026-06-25 23:00:00+00:00,Tunisia,Netherlands,True,,NLD,,,False,,,,False,EURUSD,6E,EWN,AEX,False,True,False,False,False,2026-06-25 22:00:00+00:00,2026-06-25 23:00:00+00:00,2026-06-25 23:45:00+00:00,2026-06-26 00:00:00+00:00,2026-06-26 00:45:00+00:00,2026-06-26 01:45:00+00:00,True
2026,59,3,group,False,Group D,Los Angeles Stadium,USA,America/Los_Angeles,2026-06-26 02:00:00+00:00,Türkiye,USA,True,TUR,USA,,,False,,,,False,,ES,"SPY,TUR","SPX,XU100",True,False,False,False,True,2026-06-26 01:00:00+00:00,2026-06-26 02:00:00+00:00,2026-06-26 02:45:00+00:00,2026-06-26 03:00:00+00:00,2026-06-26 03:45:00+00:00,2026-06-26 04:45:00+00:00,True
2026,60,3,group,False,Group D,San Francisco Bay Area Stadium,USA,America/Los_Angeles,2026-06-26 02:00:00+00:00,Paraguay,Australia,True,,AUS,,,False,,,,False,AUDUSD,6A,EWA,AS51,False,False,False,False,False,2026-06-26 01:00:00+00:00,2026-06-26 02:00:00+00:00,2026-06-26 02:45:00+00:00,2026-06-26 03:00:00+00:00,2026-06-26 03:45:00+00:00,2026-06-26 04:45:00+00:00,True
2026,61,3,group,False,Group I,Boston Stadium,USA,America/New_York,2026-06-26 19:00:00+00:00,Norway,France,True,NOR,FRA,,,False,,,,False,EURUSD,6E,"EWQ,NORW","CAC,OBX",False,True,False,False,False,2026-06-26 18:00:00+00:00,2026-06-26 19:00:00+00:00,2026-06-26 19:45:00+00:00,2026-06-26 20:00:00+00:00,2026-06-26 20:45:00+00:00,2026-06-26 21:45:00+00:00,True
2026,62,3,group,False,Group I,Toronto Stadium,Canada,America/Toronto,2026-06-26 19:00:00+00:00,Senegal,Iraq,True,,,,,False,,,,False,,,,,False,False,False,False,False,2026-06-26 18:00:00+00:00,2026-06-26 19:00:00+00:00,2026-06-26 19:45:00+00:00,2026-06-26 20:00:00+00:00,2026-06-26 20:45:00+00:00,2026-06-26 21:45:00+00:00,True
2026,65,3,group,False,Group H,Houston Stadium,USA,America/Chicago,2026-06-27 00:00:00+00:00,Cabo Verde,Saudi Arabia,True,,SAU,,,False,,,,False,,,KSA,SASEIDX,False,False,False,False,False,2026-06-26 23:00:00+00:00,2026-06-27 00:00:00+00:00,2026-06-27 00:45:00+00:00,2026-06-27 01:00:00+00:00,2026-06-27 01:45:00+00:00,2026-06-27 02:45:00+00:00,True
2026,66,3,group,False,Group H,Guadalajara Stadium,Mexico,America/Mexico_City,2026-06-27 00:00:00+00:00,Uruguay,Spain,True,,ESP,,,False,,,,False,EURUSD,6E,EWP,IBEX,False,True,False,False,False,2026-06-26 23:00:00+00:00,2026-06-27 00:00:00+00:00,2026-06-27 00:45:00+00:00,2026-06-27 01:00:00+00:00,2026-06-27 01:45:00+00:00,2026-06-27 02:45:00+00:00,True
2026,63,3,group,False,Group G,Seattle Stadium,USA,America/Los_Angeles,2026-06-27 03:00:00+00:00,Egypt,IR Iran,True,EGY,,,,False,,,,False,,,EGPT,,False,False,False,False,False,2026-06-27 02:00:00+00:00,2026-06-27 03:00:00+00:00,2026-06-27 03:45:00+00:00,2026-06-27 04:00:00+00:00,2026-06-27 04:45:00+00:00,2026-06-27 05:45:00+00:00,True
2026,64,3,group,False,Group G,BC Place Vancouver,Canada,America/Vancouver,2026-06-27 03:00:00+00:00,New Zealand,Belgium,True,,BEL,,,False,,,,False,EURUSD,6E,,BEL20,False,True,False,False,False,2026-06-27 02:00:00+00:00,2026-06-27 03:00:00+00:00,2026-06-27 03:45:00+00:00,2026-06-27 04:00:00+00:00,2026-06-27 04:45:00+00:00,2026-06-27 05:45:00+00:00,True
2026,67,3,group,False,Group L,New York/New Jersey Stadium,USA,America/New_York,2026-06-27 21:00:00+00:00,Panama,England,True,,GBR,,,False,,,,False,GBPUSD,6B,EWU,UKX,False,False,True,False,False,2026-06-27 20:00:00+00:00,2026-06-27 21:00:00+00:00,2026-06-27 21:45:00+00:00,2026-06-27 22:00:00+00:00,2026-06-27 22:45:00+00:00,2026-06-27 23:45:00+00:00,True
2026,68,3,group,False,Group L,Philadelphia Stadium,USA,America/New_York,2026-06-27 21:00:00+00:00,Croatia,Ghana,True,HRV,,,,False,,,,False,EURUSD,6E,,,False,True,False,False,False,2026-06-27 20:00:00+00:00,2026-06-27 21:00:00+00:00,2026-06-27 21:45:00+00:00,2026-06-27 22:00:00+00:00,2026-06-27 22:45:00+00:00,2026-06-27 23:45:00+00:00,True
2026,71,3,group,False,Group K,Miami Stadium,USA,America/New_York,2026-06-27 23:30:00+00:00,Colombia,Portugal,True,COL,PRT,,,False,,,,False,EURUSD,6E,GXG,PSI,False,True,False,False,False,2026-06-27 22:30:00+00:00,2026-06-27 23:30:00+00:00,2026-06-28 00:15:00+00:00,2026-06-28 00:30:00+00:00,2026-06-28 01:15:00+00:00,2026-06-28 02:15:00+00:00,True
2026,72,3,group,False,Group K,Atlanta Stadium,USA,America/New_York,2026-06-27 23:30:00+00:00,Congo DR,Uzbekistan,True,,,,,False,,,,False,,,,,False,False,False,False,False,2026-06-27 22:30:00+00:00,2026-06-27 23:30:00+00:00,2026-06-28 00:15:00+00:00,2026-06-28 00:30:00+00:00,2026-06-28 01:15:00+00:00,2026-06-28 02:15:00+00:00,True
2026,69,3,group,False,Group J,Kansas City Stadium,USA,America/Chicago,2026-06-28 02:00:00+00:00,Algeria,Austria,True,,AUT,,,False,,,,False,EURUSD,6E,,ATX,False,True,False,False,False,2026-06-28 01:00:00+00:00,2026-06-28 02:00:00+00:00,2026-06-28 02:45:00+00:00,2026-06-28 03:00:00+00:00,2026-06-28 03:45:00+00:00,2026-06-28 04:45:00+00:00,True
2026,70,3,group,False,Group J,Dallas Stadium,USA,America/Chicago,2026-06-28 02:00:00+00:00,Jordan,Argentina,True,,ARG,,,False,,,,False,,,ARGT,,False,False,False,False,False,2026-06-28 01:00:00+00:00,2026-06-28 02:00:00+00:00,2026-06-28 02:45:00+00:00,2026-06-28 03:00:00+00:00,2026-06-28 03:45:00+00:00,2026-06-28 04:45:00+00:00,True
2026,73,4,R32,True,,Los Angeles Stadium,USA,America/Los_Angeles,2026-06-28 19:00:00+00:00,2A,2B,False,,,,,False,,,,False,,,,,False,False,False,False,False,2026-06-28 18:00:00+00:00,2026-06-28 19:00:00+00:00,2026-06-28 19:45:00+00:00,2026-06-28 20:00:00+00:00,2026-06-28 20:45:00+00:00,2026-06-28 21:45:00+00:00,True
2026,76,4,R32,True,,Houston Stadium,USA,America/Chicago,2026-06-29 17:00:00+00:00,1C,2F,False,,,,,False,,,,False,,,,,False,False,False,False,False,2026-06-29 16:00:00+00:00,2026-06-29 17:00:00+00:00,2026-06-29 17:45:00+00:00,2026-06-29 18:00:00+00:00,2026-06-29 18:45:00+00:00,2026-06-29 19:45:00+00:00,True
2026,74,4,R32,True,,Boston Stadium,USA,America/New_York,2026-06-29 20:30:00+00:00,1E,3ABCDF,False,,,,,False,,,,False,,,,,False,False,False,False,False,2026-06-29 19:30:00+00:00,2026-06-29 20:30:00+00:00,2026-06-29 21:15:00+00:00,2026-06-29 21:30:00+00:00,2026-06-29 22:15:00+00:00,2026-06-29 23:15:00+00:00,True
2026,75,4,R32,True,,Monterrey Stadium,Mexico,America/Monterrey,2026-06-30 01:00:00+00:00,1F,2C,False,,,,,False,,,,False,,,,,False,False,False,False,False,2026-06-30 00:00:00+00:00,2026-06-30 01:00:00+00:00,2026-06-30 01:45:00+00:00,2026-06-30 02:00:00+00:00,2026-06-30 02:45:00+00:00,2026-06-30 03:45:00+00:00,True
2026,78,4,R32,True,,Dallas Stadium,USA,America/Chicago,2026-06-30 17:00:00+00:00,2E,2I,False,,,,,False,,,,False,,,,,False,False,False,False,False,2026-06-30 16:00:00+00:00,2026-06-30 17:00:00+00:00,2026-06-30 17:45:00+00:00,2026-06-30 18:00:00+00:00,2026-06-30 18:45:00+00:00,2026-06-30 19:45:00+00:00,True
2026,77,4,R32,True,,New York/New Jersey Stadium,USA,America/New_York,2026-06-30 21:00:00+00:00,1I,3CDFGH,False,,,,,False,,,,False,,,,,False,False,False,False,False,2026-06-30 20:00:00+00:00,2026-06-30 21:00:00+00:00,2026-06-30 21:45:00+00:00,2026-06-30 22:00:00+00:00,2026-06-30 22:45:00+00:00,2026-06-30 23:45:00+00:00,True
2026,79,4,R32,True,,Mexico City Stadium,Mexico,America/Mexico_City,2026-07-01 01:00:00+00:00,1A,3CEFHI,False,,,,,False,,,,False,,,,,False,False,False,False,False,2026-07-01 00:00:00+00:00,2026-07-01 01:00:00+00:00,2026-07-01 01:45:00+00:00,2026-07-01 02:00:00+00:00,2026-07-01 02:45:00+00:00,2026-07-01 03:45:00+00:00,True
2026,80,4,R32,True,,Atlanta Stadium,USA,America/New_York,2026-07-01 16:00:00+00:00,1L,3EHIJK,False,,,,,False,,,,False,,,,,False,False,False,False,False,2026-07-01 15:00:00+00:00,2026-07-01 16:00:00+00:00,2026-07-01 16:45:00+00:00,2026-07-01 17:00:00+00:00,2026-07-01 17:45:00+00:00,2026-07-01 18:45:00+00:00,True
2026,82,4,R32,True,,Seattle Stadium,USA,America/Los_Angeles,2026-07-01 20:00:00+00:00,1G,3AEHIJ,False,,,,,False,,,,False,,,,,False,False,False,False,False,2026-07-01 19:00:00+00:00,2026-07-01 20:00:00+00:00,2026-07-01 20:45:00+00:00,2026-07-01 21:00:00+00:00,2026-07-01 21:45:00+00:00,2026-07-01 22:45:00+00:00,True
2026,81,4,R32,True,,San Francisco Bay Area Stadium,USA,America/Los_Angeles,2026-07-02 00:00:00+00:00,1D,3BEFIJ,False,,,,,False,,,,False,,,,,False,False,False,False,False,2026-07-01 23:00:00+00:00,2026-07-02 00:00:00+00:00,2026-07-02 00:45:00+00:00,2026-07-02 01:00:00+00:00,2026-07-02 01:45:00+00:00,2026-07-02 02:45:00+00:00,True
2026,84,4,R32,True,,Los Angeles Stadium,USA,America/Los_Angeles,2026-07-02 19:00:00+00:00,1H,2J,False,,,,,False,,,,False,,,,,False,False,False,False,False,2026-07-02 18:00:00+00:00,2026-07-02 19:00:00+00:00,2026-07-02 19:45:00+00:00,2026-07-02 20:00:00+00:00,2026-07-02 20:45:00+00:00,2026-07-02 21:45:00+00:00,True
2026,83,4,R32,True,,Toronto Stadium,Canada,America/Toronto,2026-07-02 23:00:00+00:00,2K,2L,False,,,,,False,,,,False,,,,,False,False,False,False,False,2026-07-02 22:00:00+00:00,2026-07-02 23:00:00+00:00,2026-07-02 23:45:00+00:00,2026-07-03 00:00:00+00:00,2026-07-03 00:45:00+00:00,2026-07-03 01:45:00+00:00,True
2026,85,4,R32,True,,BC Place Vancouver,Canada,America/Vancouver,2026-07-03 03:00:00+00:00,1B,3EFGIJ,False,,,,,False,,,,False,,,,,False,False,False,False,False,2026-07-03 02:00:00+00:00,2026-07-03 03:00:00+00:00,2026-07-03 03:45:00+00:00,2026-07-03 04:00:00+00:00,2026-07-03 04:45:00+00:00,2026-07-03 05:45:00+00:00,True
2026,88,4,R32,True,,Dallas Stadium,USA,America/Chicago,2026-07-03 18:00:00+00:00,2D,2G,False,,,,,False,,,,False,,,,,False,False,False,False,False,2026-07-03 17:00:00+00:00,2026-07-03 18:00:00+00:00,2026-07-03 18:45:00+00:00,2026-07-03 19:00:00+00:00,2026-07-03 19:45:00+00:00,2026-07-03 20:45:00+00:00,True
2026,86,4,R32,True,,Miami Stadium,USA,America/New_York,2026-07-03 22:00:00+00:00,1J,2H,False,,,,,False,,,,False,,,,,False,False,False,False,False,2026-07-03 21:00:00+00:00,2026-07-03 22:00:00+00:00,2026-07-03 22:45:00+00:00,2026-07-03 23:00:00+00:00,2026-07-03 23:45:00+00:00,2026-07-04 00:45:00+00:00,True
2026,87,4,R32,True,,Kansas City Stadium,USA,America/Chicago,2026-07-04 01:30:00+00:00,1K,3DEIJL,False,,,,,False,,,,False,,,,,False,False,False,False,False,2026-07-04 00:30:00+00:00,2026-07-04 01:30:00+00:00,2026-07-04 02:15:00+00:00,2026-07-04 02:30:00+00:00,2026-07-04 03:15:00+00:00,2026-07-04 04:15:00+00:00,True
2026,90,5,R16,True,,Houston Stadium,USA,America/Chicago,2026-07-04 17:00:00+00:00,To be announced,To be announced,False,,,,,False,,,,False,,,,,False,False,False,False,False,2026-07-04 16:00:00+00:00,2026-07-04 17:00:00+00:00,2026-07-04 17:45:00+00:00,2026-07-04 18:00:00+00:00,2026-07-04 18:45:00+00:00,2026-07-04 19:45:00+00:00,True
2026,89,5,R16,True,,Philadelphia Stadium,USA,America/New_York,2026-07-04 21:00:00+00:00,To be announced,To be announced,False,,,,,False,,,,False,,,,,False,False,False,False,False,2026-07-04 20:00:00+00:00,2026-07-04 21:00:00+00:00,2026-07-04 21:45:00+00:00,2026-07-04 22:00:00+00:00,2026-07-04 22:45:00+00:00,2026-07-04 23:45:00+00:00,True
2026,91,5,R16,True,,New York/New Jersey Stadium,USA,America/New_York,2026-07-05 20:00:00+00:00,To be announced,To be announced,False,,,,,False,,,,False,,,,,False,False,False,False,False,2026-07-05 19:00:00+00:00,2026-07-05 20:00:00+00:00,2026-07-05 20:45:00+00:00,2026-07-05 21:00:00+00:00,2026-07-05 21:45:00+00:00,2026-07-05 22:45:00+00:00,True
2026,92,5,R16,True,,Mexico City Stadium,Mexico,America/Mexico_City,2026-07-06 00:00:00+00:00,To be announced,To be announced,False,,,,,False,,,,False,,,,,False,False,False,False,False,2026-07-05 23:00:00+00:00,2026-07-06 00:00:00+00:00,2026-07-06 00:45:00+00:00,2026-07-06 01:00:00+00:00,2026-07-06 01:45:00+00:00,2026-07-06 02:45:00+00:00,True
2026,93,5,R16,True,,Dallas Stadium,USA,America/Chicago,2026-07-06 19:00:00+00:00,To be announced,To be announced,False,,,,,False,,,,False,,,,,False,False,False,False,False,2026-07-06 18:00:00+00:00,2026-07-06 19:00:00+00:00,2026-07-06 19:45:00+00:00,2026-07-06 20:00:00+00:00,2026-07-06 20:45:00+00:00,2026-07-06 21:45:00+00:00,True
2026,94,5,R16,True,,Seattle Stadium,USA,America/Los_Angeles,2026-07-07 00:00:00+00:00,To be announced,To be announced,False,,,,,False,,,,False,,,,,False,False,False,False,False,2026-07-06 23:00:00+00:00,2026-07-07 00:00:00+00:00,2026-07-07 00:45:00+00:00,2026-07-07 01:00:00+00:00,2026-07-07 01:45:00+00:00,2026-07-07 02:45:00+00:00,True
2026,95,5,R16,True,,Atlanta Stadium,USA,America/New_York,2026-07-07 16:00:00+00:00,To be announced,To be announced,False,,,,,False,,,,False,,,,,False,False,False,False,False,2026-07-07 15:00:00+00:00,2026-07-07 16:00:00+00:00,2026-07-07 16:45:00+00:00,2026-07-07 17:00:00+00:00,2026-07-07 17:45:00+00:00,2026-07-07 18:45:00+00:00,True
2026,96,5,R16,True,,BC Place Vancouver,Canada,America/Vancouver,2026-07-07 20:00:00+00:00,To be announced,To be announced,False,,,,,False,,,,False,,,,,False,False,False,False,False,2026-07-07 19:00:00+00:00,2026-07-07 20:00:00+00:00,2026-07-07 20:45:00+00:00,2026-07-07 21:00:00+00:00,2026-07-07 21:45:00+00:00,2026-07-07 22:45:00+00:00,True
2026,97,6,QF,True,,Boston Stadium,USA,America/New_York,2026-07-09 20:00:00+00:00,To be announced,To be announced,False,,,,,False,,,,False,,,,,False,False,False,False,False,2026-07-09 19:00:00+00:00,2026-07-09 20:00:00+00:00,2026-07-09 20:45:00+00:00,2026-07-09 21:00:00+00:00,2026-07-09 21:45:00+00:00,2026-07-09 22:45:00+00:00,True
2026,98,6,QF,True,,Los Angeles Stadium,USA,America/Los_Angeles,2026-07-10 19:00:00+00:00,To be announced,To be announced,False,,,,,False,,,,False,,,,,False,False,False,False,False,2026-07-10 18:00:00+00:00,2026-07-10 19:00:00+00:00,2026-07-10 19:45:00+00:00,2026-07-10 20:00:00+00:00,2026-07-10 20:45:00+00:00,2026-07-10 21:45:00+00:00,True
2026,99,6,QF,True,,Miami Stadium,USA,America/New_York,2026-07-11 21:00:00+00:00,To be announced,To be announced,False,,,,,False,,,,False,,,,,False,False,False,False,False,2026-07-11 20:00:00+00:00,2026-07-11 21:00:00+00:00,2026-07-11 21:45:00+00:00,2026-07-11 22:00:00+00:00,2026-07-11 22:45:00+00:00,2026-07-11 23:45:00+00:00,True
2026,100,6,QF,True,,Kansas City Stadium,USA,America/Chicago,2026-07-12 01:00:00+00:00,To be announced,To be announced,False,,,,,False,,,,False,,,,,False,False,False,False,False,2026-07-12 00:00:00+00:00,2026-07-12 01:00:00+00:00,2026-07-12 01:45:00+00:00,2026-07-12 02:00:00+00:00,2026-07-12 02:45:00+00:00,2026-07-12 03:45:00+00:00,True
2026,101,7,SF,True,,Dallas Stadium,USA,America/Chicago,2026-07-14 19:00:00+00:00,To be announced,To be announced,False,,,,,False,,,,False,,,,,False,False,False,False,False,2026-07-14 18:00:00+00:00,2026-07-14 19:00:00+00:00,2026-07-14 19:45:00+00:00,2026-07-14 20:00:00+00:00,2026-07-14 20:45:00+00:00,2026-07-14 21:45:00+00:00,True
2026,102,7,SF,True,,Atlanta Stadium,USA,America/New_York,2026-07-15 19:00:00+00:00,To be announced,To be announced,False,,,,,False,,,,False,,,,,False,False,False,False,False,2026-07-15 18:00:00+00:00,2026-07-15 19:00:00+00:00,2026-07-15 19:45:00+00:00,2026-07-15 20:00:00+00:00,2026-07-15 20:45:00+00:00,2026-07-15 21:45:00+00:00,True
2026,103,8,final_3rd,True,,Miami Stadium,USA,America/New_York,2026-07-18 21:00:00+00:00,To be announced,To be announced,False,,,,,False,,,,False,,,,,False,False,False,False,False,2026-07-18 20:00:00+00:00,2026-07-18 21:00:00+00:00,2026-07-18 21:45:00+00:00,2026-07-18 22:00:00+00:00,2026-07-18 22:45:00+00:00,2026-07-18 23:45:00+00:00,True
2026,104,8,final_3rd,True,,New York/New Jersey Stadium,USA,America/New_York,2026-07-19 19:00:00+00:00,To be announced,To be announced,False,,,,,False,,,,False,,,,,False,False,False,False,False,2026-07-19 18:00:00+00:00,2026-07-19 19:00:00+00:00,2026-07-19 19:45:00+00:00,2026-07-19 20:00:00+00:00,2026-07-19 20:45:00+00:00,2026-07-19 21:45:00+00:00,True
